"","epitope","Model","f1.score","retention"
"1","AVFDRKSDAK","clustcr","0.66 ± 0.02","0.12 ± 0.03"
"2","AVFDRKSDAK","GIANA","0.65 ± 0.01","0.2 ± 0.04"
"3","AVFDRKSDAK","gliph2","0.64 ± 0.02","0.22 ± 0.06"
"4","AVFDRKSDAK","hamming","0.65 ± 0.01","0.23 ± 0.02"
"5","AVFDRKSDAK","ismart","0.66 ± 0.01","0.15 ± 0.02"
"6","AVFDRKSDAK","length","0.23 ± 0.03","1 ± 0"
"7","AVFDRKSDAK","random","0.19 ± 0.04","1 ± 0"
"8","AVFDRKSDAK","tcrdist3","0.66 ± 0.02","0.1 ± 0.01"
"9","GILGFVFTL","clustcr","0.93 ± 0.02","0.56 ± 0.01"
"10","GILGFVFTL","GIANA","0.9 ± 0.02","0.65 ± 0.02"
"11","GILGFVFTL","gliph2","0.9 ± 0.03","0.62 ± 0.02"
"12","GILGFVFTL","hamming","0.89 ± 0.01","0.65 ± 0.01"
"13","GILGFVFTL","ismart","0.91 ± 0.01","0.62 ± 0.01"
"14","GILGFVFTL","length","0.43 ± 0.06","1 ± 0"
"15","GILGFVFTL","random","0.19 ± 0.04","1 ± 0"
"16","GILGFVFTL","tcrdist3","0.91 ± 0.01","0.44 ± 0.01"
"17","IVTDFSVIK","clustcr","0.45 ± 0.06","0.11 ± 0.03"
"18","IVTDFSVIK","GIANA","0.8 ± 0.03","0.46 ± 0.03"
"19","IVTDFSVIK","gliph2","0.47 ± 0.03","0.2 ± 0.06"
"20","IVTDFSVIK","hamming","0.79 ± 0.02","0.47 ± 0.02"
"21","IVTDFSVIK","ismart","0.82 ± 0.02","0.42 ± 0.01"
"22","IVTDFSVIK","length","0.38 ± 0.01","1 ± 0"
"23","IVTDFSVIK","random","0.2 ± 0.04","1 ± 0"
"24","IVTDFSVIK","tcrdist3","0.85 ± 0.02","0.38 ± 0.01"
"25","KLGGALQAK","clustcr","0.47 ± 0.06","0.1 ± 0.03"
"26","KLGGALQAK","GIANA","0.54 ± 0.03","0.17 ± 0.04"
"27","KLGGALQAK","gliph2","0.49 ± 0.04","0.19 ± 0.06"
"28","KLGGALQAK","hamming","0.55 ± 0.02","0.19 ± 0.02"
"29","KLGGALQAK","ismart","0.56 ± 0.03","0.11 ± 0.02"
"30","KLGGALQAK","length","0.2 ± 0.03","1 ± 0"
"31","KLGGALQAK","random","0.18 ± 0.05","1 ± 0"
"32","KLGGALQAK","tcrdist3","0.56 ± 0.04","0.06 ± 0.01"
"33","RAKFKQLL","clustcr","0.84 ± 0.02","0.31 ± 0.06"
"34","RAKFKQLL","GIANA","0.84 ± 0.02","0.6 ± 0.03"
"35","RAKFKQLL","gliph2","0.8 ± 0.02","0.39 ± 0.09"
"36","RAKFKQLL","hamming","0.83 ± 0.01","0.61 ± 0.01"
"37","RAKFKQLL","ismart","0.86 ± 0.01","0.57 ± 0.01"
"38","RAKFKQLL","length","0.33 ± 0.04","1 ± 0"
"39","RAKFKQLL","random","0.17 ± 0.05","1 ± 0"
"40","RAKFKQLL","tcrdist3","0.87 ± 0.01","0.53 ± 0.01"
