"","epitope","N_olga","Model","f1.score","retention"
"1","AVFDRKSDAK",0,"clustcr","0.68 ± 0.06","0.06 ± 0.02"
"2","AVFDRKSDAK",0,"GIANA","0.65 ± 0.02","0.11 ± 0.03"
"3","AVFDRKSDAK",0,"gliph2","0.67 ± 0.03","0.07 ± 0.02"
"4","AVFDRKSDAK",0,"hamming","0.64 ± 0.02","0.17 ± 0.03"
"5","AVFDRKSDAK",0,"ismart","0.65 ± 0.03","0.11 ± 0.03"
"6","AVFDRKSDAK",0,"length","0.2 ± 0.05","1 ± 0"
"7","AVFDRKSDAK",0,"random","0.17 ± 0.14","1 ± 0"
"8","AVFDRKSDAK",0,"tcrdist3","0.63 ± 0.05","0.09 ± 0.03"
"9","AVFDRKSDAK",10000,"clustcr","0.67 ± 0.03","0.09 ± 0.01"
"10","AVFDRKSDAK",10000,"GIANA","0.66 ± 0.02","0.12 ± 0.02"
"11","AVFDRKSDAK",10000,"gliph2","0.66 ± 0.01","0.12 ± 0.01"
"12","AVFDRKSDAK",10000,"hamming","0.57 ± 0.02","0.27 ± 0.02"
"13","AVFDRKSDAK",10000,"ismart","0.67 ± 0.02","0.12 ± 0.02"
"14","AVFDRKSDAK",10000,"length","0 ± 0","1 ± 0"
"15","AVFDRKSDAK",10000,"random","0 ± 0","1 ± 0"
"16","AVFDRKSDAK",10000,"tcrdist3","0.68 ± 0.03","0.07 ± 0.01"
"17","GILGFVFTL",0,"clustcr","0.96 ± 0.01","0.57 ± 0.02"
"18","GILGFVFTL",0,"GIANA","0.93 ± 0.02","0.62 ± 0.03"
"19","GILGFVFTL",0,"gliph2","0.96 ± 0.01","0.57 ± 0.02"
"20","GILGFVFTL",0,"hamming","0.91 ± 0.02","0.68 ± 0.02"
"21","GILGFVFTL",0,"ismart","0.93 ± 0.02","0.62 ± 0.03"
"22","GILGFVFTL",0,"length","0.56 ± 0.01","1 ± 0"
"23","GILGFVFTL",0,"random","0.17 ± 0.15","1 ± 0"
"24","GILGFVFTL",0,"tcrdist3","0.92 ± 0.02","0.47 ± 0.03"
"25","GILGFVFTL",10000,"clustcr","0.94 ± 0","0.59 ± 0.02"
"26","GILGFVFTL",10000,"GIANA","0.92 ± 0.01","0.64 ± 0.02"
"27","GILGFVFTL",10000,"gliph2","0.94 ± 0.01","0.6 ± 0.01"
"28","GILGFVFTL",10000,"hamming","0.85 ± 0.01","0.73 ± 0.02"
"29","GILGFVFTL",10000,"ismart","0.92 ± 0.01","0.64 ± 0.01"
"30","GILGFVFTL",10000,"length","0 ± 0","1 ± 0"
"31","GILGFVFTL",10000,"random","0 ± 0","1 ± 0"
"32","GILGFVFTL",10000,"tcrdist3","0.93 ± 0.01","0.49 ± 0.03"
"33","IVTDFSVIK",0,"clustcr","0.32 ± 0.04","0.04 ± 0.01"
"34","IVTDFSVIK",0,"GIANA","0.87 ± 0.01","0.4 ± 0.02"
"35","IVTDFSVIK",0,"gliph2","0.49 ± 0.02","0.05 ± 0.01"
"36","IVTDFSVIK",0,"hamming","0.83 ± 0.01","0.44 ± 0.02"
"37","IVTDFSVIK",0,"ismart","0.86 ± 0.01","0.39 ± 0.02"
"38","IVTDFSVIK",0,"length","0.4 ± 0.01","1 ± 0"
"39","IVTDFSVIK",0,"random","0.2 ± 0.13","1 ± 0"
"40","IVTDFSVIK",0,"tcrdist3","0.88 ± 0.01","0.38 ± 0.02"
"41","IVTDFSVIK",10000,"clustcr","0.54 ± 0.04","0.07 ± 0.01"
"42","IVTDFSVIK",10000,"GIANA","0.87 ± 0.01","0.41 ± 0.01"
"43","IVTDFSVIK",10000,"gliph2","0.57 ± 0.04","0.08 ± 0.01"
"44","IVTDFSVIK",10000,"hamming","0.78 ± 0.02","0.52 ± 0.02"
"45","IVTDFSVIK",10000,"ismart","0.86 ± 0.01","0.41 ± 0.01"
"46","IVTDFSVIK",10000,"length","0 ± 0","1 ± 0"
"47","IVTDFSVIK",10000,"random","0 ± 0","1 ± 0"
"48","IVTDFSVIK",10000,"tcrdist3","0.89 ± 0.02","0.38 ± 0.01"
"49","KLGGALQAK",0,"clustcr","0.43 ± 0.14","0.03 ± 0.01"
"50","KLGGALQAK",0,"GIANA","0.52 ± 0.08","0.06 ± 0.01"
"51","KLGGALQAK",0,"gliph2","0.46 ± 0.13","0.05 ± 0.01"
"52","KLGGALQAK",0,"hamming","0.55 ± 0.06","0.15 ± 0.02"
"53","KLGGALQAK",0,"ismart","0.52 ± 0.09","0.06 ± 0.01"
"54","KLGGALQAK",0,"length","0.18 ± 0.09","1 ± 0"
"55","KLGGALQAK",0,"random","0.18 ± 0.14","1 ± 0"
"56","KLGGALQAK",0,"tcrdist3","0.55 ± 0.13","0.04 ± 0.01"
"57","KLGGALQAK",10000,"clustcr","0.61 ± 0.03","0.07 ± 0.01"
"58","KLGGALQAK",10000,"GIANA","0.61 ± 0.09","0.08 ± 0.01"
"59","KLGGALQAK",10000,"gliph2","0.6 ± 0.04","0.11 ± 0.02"
"60","KLGGALQAK",10000,"hamming","0.53 ± 0.03","0.28 ± 0.02"
"61","KLGGALQAK",10000,"ismart","0.61 ± 0.07","0.09 ± 0.01"
"62","KLGGALQAK",10000,"length","0 ± 0","1 ± 0"
"63","KLGGALQAK",10000,"random","0 ± 0","1 ± 0"
"64","KLGGALQAK",10000,"tcrdist3","0.59 ± 0.08","0.04 ± 0.01"
"65","RAKFKQLL",0,"clustcr","0.8 ± 0.12","0.15 ± 0.1"
"66","RAKFKQLL",0,"GIANA","0.88 ± 0.02","0.53 ± 0.03"
"67","RAKFKQLL",0,"gliph2","0.78 ± 0.13","0.13 ± 0.1"
"68","RAKFKQLL",0,"hamming","0.84 ± 0.02","0.58 ± 0.02"
"69","RAKFKQLL",0,"ismart","0.88 ± 0.02","0.53 ± 0.03"
"70","RAKFKQLL",0,"length","0.27 ± 0.04","1 ± 0"
"71","RAKFKQLL",0,"random","0.21 ± 0.1","1 ± 0"
"72","RAKFKQLL",0,"tcrdist3","0.89 ± 0.01","0.51 ± 0.02"
"73","RAKFKQLL",10000,"clustcr","0.83 ± 0.02","0.2 ± 0.04"
"74","RAKFKQLL",10000,"GIANA","0.88 ± 0.02","0.53 ± 0.03"
"75","RAKFKQLL",10000,"gliph2","0.8 ± 0.03","0.21 ± 0.04"
"76","RAKFKQLL",10000,"hamming","0.79 ± 0.01","0.64 ± 0.02"
"77","RAKFKQLL",10000,"ismart","0.88 ± 0.01","0.54 ± 0.03"
"78","RAKFKQLL",10000,"length","0 ± 0","1 ± 0"
"79","RAKFKQLL",10000,"random","0 ± 0","1 ± 0"
"80","RAKFKQLL",10000,"tcrdist3","0.89 ± 0.02","0.51 ± 0.03"
