,epitope,precision,recall,f1-score,support,consistency,retention,purity,Datetime,Experiment,CPUs,Chain_selection,Model_selection,Deduplicate,Downsample,Repeats,N_olga,Min_clustsize,Paired,tcrdist_Method,tcrdist_Radius,tcrdist_Hyper,tcrdist_Subset,Save,Dataset,Chain,N_total,Model,Runtime,N_clusters
0,GILGFVFTL,0.972972972972973,1.0,0.9863013698630138,72.0,0.75,0.144,0.9880952380952381,20230718_121417,tcrdist_rerun,1,['beta'],"['tcrdist', 'tcrdist3']",True,500,5,0,500,True,DBSCAN,24,0.25,True,,VDJdb,beta,2500,tcrdist,"[0.3131084442138672, 0.8379793167114258]",5
1,RAKFKQLL,0.8,1.0,0.888888888888889,4.0,1.0,0.008,0.8,20230718_121417,tcrdist_rerun,1,['beta'],"['tcrdist', 'tcrdist3']",True,500,5,0,500,True,DBSCAN,24,0.25,True,,VDJdb,beta,2500,tcrdist,"[0.3131084442138672, 0.8379793167114258]",5
2,AVFDRKSDAK,0.0,0.0,0.0,2.0,0.5,0.004,0.0,20230718_121417,tcrdist_rerun,1,['beta'],"['tcrdist', 'tcrdist3']",True,500,5,0,500,True,DBSCAN,24,0.25,True,,VDJdb,beta,2500,tcrdist,"[0.3131084442138672, 0.8379793167114258]",5
3,IVTDFSVIK,0.0,0.0,0.0,2.0,0.5,0.004,0.0,20230718_121417,tcrdist_rerun,1,['beta'],"['tcrdist', 'tcrdist3']",True,500,5,0,500,True,DBSCAN,24,0.25,True,,VDJdb,beta,2500,tcrdist,"[0.3131084442138672, 0.8379793167114258]",5
4,KLGGALQAK,0.6666666666666666,1.0,0.8,2.0,1.0,0.004,0.6666666666666666,20230718_121417,tcrdist_rerun,1,['beta'],"['tcrdist', 'tcrdist3']",True,500,5,0,500,True,DBSCAN,24,0.25,True,,VDJdb,beta,2500,tcrdist,"[0.3131084442138672, 0.8379793167114258]",5
0,GILGFVFTL,0.0,0.0,0.0,500.0,0.214,1.0,0.0,20230718_121417,tcrdist_rerun,1,['beta'],"['tcrdist', 'tcrdist3']",True,500,5,0,500,True,DBSCAN,24,0.25,True,,VDJdb,beta,2500,random,0.0013840198516845703,5
1,AVFDRKSDAK,0.216,0.216,0.216,500.0,0.216,1.0,0.216,20230718_121417,tcrdist_rerun,1,['beta'],"['tcrdist', 'tcrdist3']",True,500,5,0,500,True,DBSCAN,24,0.25,True,,VDJdb,beta,2500,random,0.0013840198516845703,5
2,IVTDFSVIK,0.215,0.43,0.2866666666666666,500.0,0.22,1.0,0.215,20230718_121417,tcrdist_rerun,1,['beta'],"['tcrdist', 'tcrdist3']",True,500,5,0,500,True,DBSCAN,24,0.25,True,,VDJdb,beta,2500,random,0.0013840198516845703,5
3,KLGGALQAK,0.0,0.0,0.0,500.0,0.212,1.0,0.0,20230718_121417,tcrdist_rerun,1,['beta'],"['tcrdist', 'tcrdist3']",True,500,5,0,500,True,DBSCAN,24,0.25,True,,VDJdb,beta,2500,random,0.0013840198516845703,5
4,RAKFKQLL,0.224,0.448,0.2986666666666667,500.0,0.23,1.0,0.224,20230718_121417,tcrdist_rerun,1,['beta'],"['tcrdist', 'tcrdist3']",True,500,5,0,500,True,DBSCAN,24,0.25,True,,VDJdb,beta,2500,random,0.0013840198516845703,5
0,RAKFKQLL,0.9007936507936508,0.9007936507936508,0.9007936507936508,252.0,0.19047619047619047,0.504,0.9250416489640627,20230718_121417,tcrdist_rerun,1,['beta'],"['tcrdist', 'tcrdist3']",True,500,5,0,500,True,DBSCAN,24,0.25,True,,VDJdb,beta,2500,tcrdist3,"[4.056497573852539, 0.1002054214477539]",150
1,GILGFVFTL,0.9173553719008265,0.961038961038961,0.9386892177589853,231.0,0.23376623376623376,0.462,0.8843537414965986,20230718_121417,tcrdist_rerun,1,['beta'],"['tcrdist', 'tcrdist3']",True,500,5,0,500,True,DBSCAN,24,0.25,True,,VDJdb,beta,2500,tcrdist3,"[4.056497573852539, 0.1002054214477539]",150
2,IVTDFSVIK,0.9147727272727273,0.8473684210526315,0.8797814207650274,190.0,0.5947368421052631,0.38,0.7180076628352491,20230718_121417,tcrdist_rerun,1,['beta'],"['tcrdist', 'tcrdist3']",True,500,5,0,500,True,DBSCAN,24,0.25,True,,VDJdb,beta,2500,tcrdist3,"[4.056497573852539, 0.1002054214477539]",150
3,AVFDRKSDAK,0.5740740740740741,0.7045454545454546,0.6326530612244898,44.0,0.09090909090909091,0.088,0.5619047619047619,20230718_121417,tcrdist_rerun,1,['beta'],"['tcrdist', 'tcrdist3']",True,500,5,0,500,True,DBSCAN,24,0.25,True,,VDJdb,beta,2500,tcrdist3,"[4.056497573852539, 0.1002054214477539]",150
4,KLGGALQAK,0.6666666666666666,0.42105263157894735,0.5161290322580646,19.0,0.15789473684210525,0.038,0.6458333333333333,20230718_121417,tcrdist_rerun,1,['beta'],"['tcrdist', 'tcrdist3']",True,500,5,0,500,True,DBSCAN,24,0.25,True,,VDJdb,beta,2500,tcrdist3,"[4.056497573852539, 0.1002054214477539]",150
0,GILGFVFTL,0.21,0.21,0.20999999999999996,500.0,0.21,1.0,0.21,20230718_121417,tcrdist_rerun,1,['beta'],"['tcrdist', 'tcrdist3']",True,500,5,0,500,True,DBSCAN,24,0.25,True,,VDJdb,beta,2500,random,0.0015020370483398438,5
1,AVFDRKSDAK,0.22,0.22,0.22,500.0,0.22,1.0,0.22,20230718_121417,tcrdist_rerun,1,['beta'],"['tcrdist', 'tcrdist3']",True,500,5,0,500,True,DBSCAN,24,0.25,True,,VDJdb,beta,2500,random,0.0015020370483398438,5
2,IVTDFSVIK,0.214,0.214,0.214,500.0,0.214,1.0,0.214,20230718_121417,tcrdist_rerun,1,['beta'],"['tcrdist', 'tcrdist3']",True,500,5,0,500,True,DBSCAN,24,0.25,True,,VDJdb,beta,2500,random,0.0015020370483398438,5
3,KLGGALQAK,0.216,0.216,0.216,500.0,0.216,1.0,0.216,20230718_121417,tcrdist_rerun,1,['beta'],"['tcrdist', 'tcrdist3']",True,500,5,0,500,True,DBSCAN,24,0.25,True,,VDJdb,beta,2500,random,0.0015020370483398438,5
4,RAKFKQLL,0.214,0.214,0.214,500.0,0.214,1.0,0.214,20230718_121417,tcrdist_rerun,1,['beta'],"['tcrdist', 'tcrdist3']",True,500,5,0,500,True,DBSCAN,24,0.25,True,,VDJdb,beta,2500,random,0.0015020370483398438,5
0,GILGFVFTL,0.9482758620689655,0.9821428571428571,0.9649122807017544,56.0,0.9821428571428571,0.112,0.9482758620689655,20230718_121417,tcrdist_rerun,1,['beta'],"['tcrdist', 'tcrdist3']",True,500,5,0,500,True,DBSCAN,24,0.25,True,,VDJdb,beta,2500,tcrdist,"[0.23750042915344238, 0.6237204074859619]",2
1,RAKFKQLL,0.6666666666666666,0.8,0.7272727272727272,5.0,0.8,0.01,0.6666666666666666,20230718_121417,tcrdist_rerun,1,['beta'],"['tcrdist', 'tcrdist3']",True,500,5,0,500,True,DBSCAN,24,0.25,True,,VDJdb,beta,2500,tcrdist,"[0.23750042915344238, 0.6237204074859619]",2
2,IVTDFSVIK,0.0,0.0,0.0,2.0,0.5,0.004,0.0,20230718_121417,tcrdist_rerun,1,['beta'],"['tcrdist', 'tcrdist3']",True,500,5,0,500,True,DBSCAN,24,0.25,True,,VDJdb,beta,2500,tcrdist,"[0.23750042915344238, 0.6237204074859619]",2
3,AVFDRKSDAK,0.0,0.0,0.0,1.0,1.0,0.002,0.0,20230718_121417,tcrdist_rerun,1,['beta'],"['tcrdist', 'tcrdist3']",True,500,5,0,500,True,DBSCAN,24,0.25,True,,VDJdb,beta,2500,tcrdist,"[0.23750042915344238, 0.6237204074859619]",2
0,GILGFVFTL,0.228,0.456,0.304,500.0,0.236,1.0,0.22799999999999998,20230718_121417,tcrdist_rerun,1,['beta'],"['tcrdist', 'tcrdist3']",True,500,5,0,500,True,DBSCAN,24,0.25,True,,VDJdb,beta,2500,random,0.001676797866821289,5
1,AVFDRKSDAK,0.0,0.0,0.0,500.0,0.212,1.0,0.0,20230718_121417,tcrdist_rerun,1,['beta'],"['tcrdist', 'tcrdist3']",True,500,5,0,500,True,DBSCAN,24,0.25,True,,VDJdb,beta,2500,random,0.001676797866821289,5
2,IVTDFSVIK,0.222,0.222,0.222,500.0,0.222,1.0,0.222,20230718_121417,tcrdist_rerun,1,['beta'],"['tcrdist', 'tcrdist3']",True,500,5,0,500,True,DBSCAN,24,0.25,True,,VDJdb,beta,2500,random,0.001676797866821289,5
3,KLGGALQAK,0.224,0.224,0.22400000000000003,500.0,0.224,1.0,0.224,20230718_121417,tcrdist_rerun,1,['beta'],"['tcrdist', 'tcrdist3']",True,500,5,0,500,True,DBSCAN,24,0.25,True,,VDJdb,beta,2500,random,0.001676797866821289,5
4,RAKFKQLL,0.218,0.218,0.218,500.0,0.218,1.0,0.218,20230718_121417,tcrdist_rerun,1,['beta'],"['tcrdist', 'tcrdist3']",True,500,5,0,500,True,DBSCAN,24,0.25,True,,VDJdb,beta,2500,random,0.001676797866821289,5
0,RAKFKQLL,0.8798449612403101,0.8631178707224335,0.871401151631478,263.0,0.19011406844106463,0.526,0.8935876623376623,20230718_121417,tcrdist_rerun,1,['beta'],"['tcrdist', 'tcrdist3']",True,500,5,0,500,True,DBSCAN,24,0.25,True,,VDJdb,beta,2500,tcrdist3,"[2.764388084411621, 0.11351227760314941]",155
1,GILGFVFTL,0.8957528957528957,0.9547325102880658,0.9243027888446215,243.0,0.22633744855967078,0.486,0.8507662835249042,20230718_121417,tcrdist_rerun,1,['beta'],"['tcrdist', 'tcrdist3']",True,500,5,0,500,True,DBSCAN,24,0.25,True,,VDJdb,beta,2500,tcrdist3,"[2.764388084411621, 0.11351227760314941]",155
2,IVTDFSVIK,0.9235294117647059,0.8626373626373627,0.8920454545454546,182.0,0.6153846153846154,0.364,0.711980485974294,20230718_121417,tcrdist_rerun,1,['beta'],"['tcrdist', 'tcrdist3']",True,500,5,0,500,True,DBSCAN,24,0.25,True,,VDJdb,beta,2500,tcrdist3,"[2.764388084411621, 0.11351227760314941]",155
3,AVFDRKSDAK,0.5714285714285714,0.6511627906976745,0.6086956521739131,43.0,0.13953488372093023,0.086,0.5511904761904762,20230718_121417,tcrdist_rerun,1,['beta'],"['tcrdist', 'tcrdist3']",True,500,5,0,500,True,DBSCAN,24,0.25,True,,VDJdb,beta,2500,tcrdist3,"[2.764388084411621, 0.11351227760314941]",155
4,KLGGALQAK,0.6785714285714286,0.5757575757575758,0.6229508196721312,33.0,0.09090909090909091,0.066,0.712121212121212,20230718_121417,tcrdist_rerun,1,['beta'],"['tcrdist', 'tcrdist3']",True,500,5,0,500,True,DBSCAN,24,0.25,True,,VDJdb,beta,2500,tcrdist3,"[2.764388084411621, 0.11351227760314941]",155
0,GILGFVFTL,0.22,0.22,0.22,500.0,0.22,1.0,0.22,20230718_121417,tcrdist_rerun,1,['beta'],"['tcrdist', 'tcrdist3']",True,500,5,0,500,True,DBSCAN,24,0.25,True,,VDJdb,beta,2500,random,0.0014111995697021484,5
1,AVFDRKSDAK,0.21,0.21,0.20999999999999996,500.0,0.21,1.0,0.21,20230718_121417,tcrdist_rerun,1,['beta'],"['tcrdist', 'tcrdist3']",True,500,5,0,500,True,DBSCAN,24,0.25,True,,VDJdb,beta,2500,random,0.0014111995697021484,5
2,IVTDFSVIK,0.206,0.206,0.206,500.0,0.206,1.0,0.206,20230718_121417,tcrdist_rerun,1,['beta'],"['tcrdist', 'tcrdist3']",True,500,5,0,500,True,DBSCAN,24,0.25,True,,VDJdb,beta,2500,random,0.0014111995697021484,5
3,KLGGALQAK,0.0,0.0,0.0,500.0,0.204,1.0,0.0,20230718_121417,tcrdist_rerun,1,['beta'],"['tcrdist', 'tcrdist3']",True,500,5,0,500,True,DBSCAN,24,0.25,True,,VDJdb,beta,2500,random,0.0014111995697021484,5
4,RAKFKQLL,0.218,0.436,0.29066666666666663,500.0,0.22,1.0,0.218,20230718_121417,tcrdist_rerun,1,['beta'],"['tcrdist', 'tcrdist3']",True,500,5,0,500,True,DBSCAN,24,0.25,True,,VDJdb,beta,2500,random,0.0014111995697021484,5
0,GILGFVFTL,0.9375,1.0,0.967741935483871,45.0,1.0,0.09,0.9375,20230718_121417,tcrdist_rerun,1,['beta'],"['tcrdist', 'tcrdist3']",True,500,5,0,500,True,DBSCAN,24,0.25,True,,VDJdb,beta,2500,tcrdist,"[0.2455892562866211, 0.9983682632446289]",2
1,RAKFKQLL,1.0,0.9230769230769231,0.9600000000000001,13.0,0.9230769230769231,0.026,1.0,20230718_121417,tcrdist_rerun,1,['beta'],"['tcrdist', 'tcrdist3']",True,500,5,0,500,True,DBSCAN,24,0.25,True,,VDJdb,beta,2500,tcrdist,"[0.2455892562866211, 0.9983682632446289]",2
2,AVFDRKSDAK,0.0,0.0,0.0,1.0,1.0,0.002,0.0,20230718_121417,tcrdist_rerun,1,['beta'],"['tcrdist', 'tcrdist3']",True,500,5,0,500,True,DBSCAN,24,0.25,True,,VDJdb,beta,2500,tcrdist,"[0.2455892562866211, 0.9983682632446289]",2
3,IVTDFSVIK,0.0,0.0,0.0,1.0,1.0,0.002,0.0,20230718_121417,tcrdist_rerun,1,['beta'],"['tcrdist', 'tcrdist3']",True,500,5,0,500,True,DBSCAN,24,0.25,True,,VDJdb,beta,2500,tcrdist,"[0.2455892562866211, 0.9983682632446289]",2
0,GILGFVFTL,0.232,0.232,0.232,500.0,0.232,1.0,0.232,20230718_121417,tcrdist_rerun,1,['beta'],"['tcrdist', 'tcrdist3']",True,500,5,0,500,True,DBSCAN,24,0.25,True,,VDJdb,beta,2500,random,0.0014133453369140625,5
1,AVFDRKSDAK,0.214,0.428,0.2853333333333333,500.0,0.218,1.0,0.214,20230718_121417,tcrdist_rerun,1,['beta'],"['tcrdist', 'tcrdist3']",True,500,5,0,500,True,DBSCAN,24,0.25,True,,VDJdb,beta,2500,random,0.0014133453369140625,5
2,IVTDFSVIK,0.218,0.218,0.218,500.0,0.218,1.0,0.218,20230718_121417,tcrdist_rerun,1,['beta'],"['tcrdist', 'tcrdist3']",True,500,5,0,500,True,DBSCAN,24,0.25,True,,VDJdb,beta,2500,random,0.0014133453369140625,5
3,KLGGALQAK,0.228,0.228,0.228,500.0,0.228,1.0,0.228,20230718_121417,tcrdist_rerun,1,['beta'],"['tcrdist', 'tcrdist3']",True,500,5,0,500,True,DBSCAN,24,0.25,True,,VDJdb,beta,2500,random,0.0014133453369140625,5
4,RAKFKQLL,0.0,0.0,0.0,500.0,0.208,1.0,0.0,20230718_121417,tcrdist_rerun,1,['beta'],"['tcrdist', 'tcrdist3']",True,500,5,0,500,True,DBSCAN,24,0.25,True,,VDJdb,beta,2500,random,0.0014133453369140625,5
0,GILGFVFTL,0.9325396825396826,0.9552845528455285,0.9437751004016065,246.0,0.18292682926829268,0.492,0.9131410256410256,20230718_121417,tcrdist_rerun,1,['beta'],"['tcrdist', 'tcrdist3']",True,500,5,0,500,True,DBSCAN,24,0.25,True,,VDJdb,beta,2500,tcrdist3,"[2.7724127769470215, 0.14888477325439453]",144
1,RAKFKQLL,0.895397489539749,0.8699186991869918,0.8824742268041237,246.0,0.21544715447154472,0.492,0.9087567139650472,20230718_121417,tcrdist_rerun,1,['beta'],"['tcrdist', 'tcrdist3']",True,500,5,0,500,True,DBSCAN,24,0.25,True,,VDJdb,beta,2500,tcrdist3,"[2.7724127769470215, 0.14888477325439453]",144
2,IVTDFSVIK,0.8972972972972973,0.8645833333333334,0.8806366047745359,192.0,0.5833333333333334,0.384,0.6708907451036387,20230718_121417,tcrdist_rerun,1,['beta'],"['tcrdist', 'tcrdist3']",True,500,5,0,500,True,DBSCAN,24,0.25,True,,VDJdb,beta,2500,tcrdist3,"[2.7724127769470215, 0.14888477325439453]",144
3,AVFDRKSDAK,0.5,0.7692307692307693,0.6060606060606061,39.0,0.15384615384615385,0.078,0.5097744360902255,20230718_121417,tcrdist_rerun,1,['beta'],"['tcrdist', 'tcrdist3']",True,500,5,0,500,True,DBSCAN,24,0.25,True,,VDJdb,beta,2500,tcrdist3,"[2.7724127769470215, 0.14888477325439453]",144
4,KLGGALQAK,0.6666666666666666,0.21052631578947367,0.32,19.0,0.10526315789473684,0.038,0.6666666666666666,20230718_121417,tcrdist_rerun,1,['beta'],"['tcrdist', 'tcrdist3']",True,500,5,0,500,True,DBSCAN,24,0.25,True,,VDJdb,beta,2500,tcrdist3,"[2.7724127769470215, 0.14888477325439453]",144
0,GILGFVFTL,0.224,0.224,0.22400000000000003,500.0,0.224,1.0,0.224,20230718_121417,tcrdist_rerun,1,['beta'],"['tcrdist', 'tcrdist3']",True,500,5,0,500,True,DBSCAN,24,0.25,True,,VDJdb,beta,2500,random,0.001566171646118164,5
1,AVFDRKSDAK,0.217,0.434,0.28933333333333333,500.0,0.22,1.0,0.217,20230718_121417,tcrdist_rerun,1,['beta'],"['tcrdist', 'tcrdist3']",True,500,5,0,500,True,DBSCAN,24,0.25,True,,VDJdb,beta,2500,random,0.001566171646118164,5
2,IVTDFSVIK,0.224,0.224,0.22400000000000003,500.0,0.224,1.0,0.224,20230718_121417,tcrdist_rerun,1,['beta'],"['tcrdist', 'tcrdist3']",True,500,5,0,500,True,DBSCAN,24,0.25,True,,VDJdb,beta,2500,random,0.001566171646118164,5
3,KLGGALQAK,0.21,0.21,0.20999999999999996,500.0,0.21,1.0,0.21,20230718_121417,tcrdist_rerun,1,['beta'],"['tcrdist', 'tcrdist3']",True,500,5,0,500,True,DBSCAN,24,0.25,True,,VDJdb,beta,2500,random,0.001566171646118164,5
4,RAKFKQLL,0.0,0.0,0.0,500.0,0.214,1.0,0.0,20230718_121417,tcrdist_rerun,1,['beta'],"['tcrdist', 'tcrdist3']",True,500,5,0,500,True,DBSCAN,24,0.25,True,,VDJdb,beta,2500,random,0.001566171646118164,5
0,GILGFVFTL,0.9193548387096774,1.0,0.9579831932773109,57.0,0.7894736842105263,0.114,0.95,20230718_121417,tcrdist_rerun,1,['beta'],"['tcrdist', 'tcrdist3']",True,500,5,0,500,True,DBSCAN,24,0.25,True,,VDJdb,beta,2500,tcrdist,"[0.2588353157043457, 0.9530630111694336]",3
1,RAKFKQLL,0.8888888888888888,0.8,0.8421052631578948,10.0,0.8,0.02,0.8888888888888888,20230718_121417,tcrdist_rerun,1,['beta'],"['tcrdist', 'tcrdist3']",True,500,5,0,500,True,DBSCAN,24,0.25,True,,VDJdb,beta,2500,tcrdist,"[0.2588353157043457, 0.9530630111694336]",3
2,AVFDRKSDAK,0.0,0.0,0.0,2.0,1.0,0.004,0.0,20230718_121417,tcrdist_rerun,1,['beta'],"['tcrdist', 'tcrdist3']",True,500,5,0,500,True,DBSCAN,24,0.25,True,,VDJdb,beta,2500,tcrdist,"[0.2588353157043457, 0.9530630111694336]",3
3,IVTDFSVIK,0.0,0.0,0.0,2.0,0.5,0.004,0.0,20230718_121417,tcrdist_rerun,1,['beta'],"['tcrdist', 'tcrdist3']",True,500,5,0,500,True,DBSCAN,24,0.25,True,,VDJdb,beta,2500,tcrdist,"[0.2588353157043457, 0.9530630111694336]",3
0,GILGFVFTL,0.221,0.442,0.2946666666666667,500.0,0.226,1.0,0.221,20230718_121417,tcrdist_rerun,1,['beta'],"['tcrdist', 'tcrdist3']",True,500,5,0,500,True,DBSCAN,24,0.25,True,,VDJdb,beta,2500,random,0.0016055107116699219,5
1,AVFDRKSDAK,0.228,0.228,0.228,500.0,0.228,1.0,0.228,20230718_121417,tcrdist_rerun,1,['beta'],"['tcrdist', 'tcrdist3']",True,500,5,0,500,True,DBSCAN,24,0.25,True,,VDJdb,beta,2500,random,0.0016055107116699219,5
2,IVTDFSVIK,0.0,0.0,0.0,500.0,0.214,1.0,0.0,20230718_121417,tcrdist_rerun,1,['beta'],"['tcrdist', 'tcrdist3']",True,500,5,0,500,True,DBSCAN,24,0.25,True,,VDJdb,beta,2500,random,0.0016055107116699219,5
3,KLGGALQAK,0.212,0.212,0.212,500.0,0.212,1.0,0.212,20230718_121417,tcrdist_rerun,1,['beta'],"['tcrdist', 'tcrdist3']",True,500,5,0,500,True,DBSCAN,24,0.25,True,,VDJdb,beta,2500,random,0.0016055107116699219,5
4,RAKFKQLL,0.218,0.218,0.218,500.0,0.218,1.0,0.218,20230718_121417,tcrdist_rerun,1,['beta'],"['tcrdist', 'tcrdist3']",True,500,5,0,500,True,DBSCAN,24,0.25,True,,VDJdb,beta,2500,random,0.0016055107116699219,5
0,RAKFKQLL,0.8834586466165414,0.9038461538461539,0.8935361216730039,260.0,0.16153846153846155,0.52,0.9009065934065935,20230718_121417,tcrdist_rerun,1,['beta'],"['tcrdist', 'tcrdist3']",True,500,5,0,500,True,DBSCAN,24,0.25,True,,VDJdb,beta,2500,tcrdist3,"[2.664787530899048, 0.09111499786376953]",147
1,GILGFVFTL,0.944206008583691,0.9401709401709402,0.9421841541755889,234.0,0.19230769230769232,0.468,0.9413636363636363,20230718_121417,tcrdist_rerun,1,['beta'],"['tcrdist', 'tcrdist3']",True,500,5,0,500,True,DBSCAN,24,0.25,True,,VDJdb,beta,2500,tcrdist3,"[2.664787530899048, 0.09111499786376953]",147
2,IVTDFSVIK,0.9021739130434783,0.8736842105263158,0.8877005347593583,190.0,0.5894736842105263,0.38,0.6788142292490119,20230718_121417,tcrdist_rerun,1,['beta'],"['tcrdist', 'tcrdist3']",True,500,5,0,500,True,DBSCAN,24,0.25,True,,VDJdb,beta,2500,tcrdist3,"[2.664787530899048, 0.09111499786376953]",147
3,AVFDRKSDAK,0.62,0.7380952380952381,0.6739130434782609,42.0,0.14285714285714285,0.084,0.5873015873015872,20230718_121417,tcrdist_rerun,1,['beta'],"['tcrdist', 'tcrdist3']",True,500,5,0,500,True,DBSCAN,24,0.25,True,,VDJdb,beta,2500,tcrdist3,"[2.664787530899048, 0.09111499786376953]",147
4,KLGGALQAK,0.8333333333333334,0.6,0.6976744186046512,25.0,0.12,0.05,0.8452380952380951,20230718_121417,tcrdist_rerun,1,['beta'],"['tcrdist', 'tcrdist3']",True,500,5,0,500,True,DBSCAN,24,0.25,True,,VDJdb,beta,2500,tcrdist3,"[2.664787530899048, 0.09111499786376953]",147
0,GILGFVFTL,0.223,0.446,0.29733333333333334,500.0,0.224,1.0,0.223,20230718_121417,tcrdist_rerun,1,['beta'],"['tcrdist', 'tcrdist3']",True,500,5,0,500,True,DBSCAN,24,0.25,True,,VDJdb,beta,2500,random,0.001875162124633789,5
1,AVFDRKSDAK,0.214,0.214,0.214,500.0,0.214,1.0,0.214,20230718_121417,tcrdist_rerun,1,['beta'],"['tcrdist', 'tcrdist3']",True,500,5,0,500,True,DBSCAN,24,0.25,True,,VDJdb,beta,2500,random,0.001875162124633789,5
2,IVTDFSVIK,0.0,0.0,0.0,500.0,0.206,1.0,0.0,20230718_121417,tcrdist_rerun,1,['beta'],"['tcrdist', 'tcrdist3']",True,500,5,0,500,True,DBSCAN,24,0.25,True,,VDJdb,beta,2500,random,0.001875162124633789,5
3,KLGGALQAK,0.21,0.21,0.20999999999999996,500.0,0.212,1.0,0.21,20230718_121417,tcrdist_rerun,1,['beta'],"['tcrdist', 'tcrdist3']",True,500,5,0,500,True,DBSCAN,24,0.25,True,,VDJdb,beta,2500,random,0.001875162124633789,5
4,RAKFKQLL,0.208,0.208,0.208,500.0,0.214,1.0,0.208,20230718_121417,tcrdist_rerun,1,['beta'],"['tcrdist', 'tcrdist3']",True,500,5,0,500,True,DBSCAN,24,0.25,True,,VDJdb,beta,2500,random,0.001875162124633789,5
0,GILGFVFTL,0.9487179487179487,1.0,0.9736842105263158,74.0,0.6621621621621622,0.148,0.9748427672955975,20230718_121417,tcrdist_rerun,1,['beta'],"['tcrdist', 'tcrdist3']",True,500,5,0,500,True,DBSCAN,24,0.25,True,,VDJdb,beta,2500,tcrdist,"[0.43372392654418945, 0.6764168739318848]",4
1,RAKFKQLL,1.0,0.8,0.888888888888889,5.0,0.8,0.01,1.0,20230718_121417,tcrdist_rerun,1,['beta'],"['tcrdist', 'tcrdist3']",True,500,5,0,500,True,DBSCAN,24,0.25,True,,VDJdb,beta,2500,tcrdist,"[0.43372392654418945, 0.6764168739318848]",4
2,AVFDRKSDAK,0.0,0.0,0.0,2.0,1.0,0.004,0.0,20230718_121417,tcrdist_rerun,1,['beta'],"['tcrdist', 'tcrdist3']",True,500,5,0,500,True,DBSCAN,24,0.25,True,,VDJdb,beta,2500,tcrdist,"[0.43372392654418945, 0.6764168739318848]",4
3,IVTDFSVIK,0.0,0.0,0.0,1.0,1.0,0.002,0.0,20230718_121417,tcrdist_rerun,1,['beta'],"['tcrdist', 'tcrdist3']",True,500,5,0,500,True,DBSCAN,24,0.25,True,,VDJdb,beta,2500,tcrdist,"[0.43372392654418945, 0.6764168739318848]",4
0,GILGFVFTL,0.219,0.438,0.292,500.0,0.224,1.0,0.219,20230718_121417,tcrdist_rerun,1,['beta'],"['tcrdist', 'tcrdist3']",True,500,5,0,500,True,DBSCAN,24,0.25,True,,VDJdb,beta,2500,random,0.0016040802001953125,5
1,AVFDRKSDAK,0.0,0.0,0.0,500.0,0.212,1.0,0.0,20230718_121417,tcrdist_rerun,1,['beta'],"['tcrdist', 'tcrdist3']",True,500,5,0,500,True,DBSCAN,24,0.25,True,,VDJdb,beta,2500,random,0.0016040802001953125,5
2,IVTDFSVIK,0.0,0.0,0.0,500.0,0.212,1.0,0.0,20230718_121417,tcrdist_rerun,1,['beta'],"['tcrdist', 'tcrdist3']",True,500,5,0,500,True,DBSCAN,24,0.25,True,,VDJdb,beta,2500,random,0.0016040802001953125,5
3,KLGGALQAK,0.226,0.452,0.30133333333333334,500.0,0.23,1.0,0.226,20230718_121417,tcrdist_rerun,1,['beta'],"['tcrdist', 'tcrdist3']",True,500,5,0,500,True,DBSCAN,24,0.25,True,,VDJdb,beta,2500,random,0.0016040802001953125,5
4,RAKFKQLL,0.236,0.236,0.236,500.0,0.236,1.0,0.236,20230718_121417,tcrdist_rerun,1,['beta'],"['tcrdist', 'tcrdist3']",True,500,5,0,500,True,DBSCAN,24,0.25,True,,VDJdb,beta,2500,random,0.0016040802001953125,5
0,RAKFKQLL,0.9051094890510949,0.9219330855018587,0.9134438305709024,269.0,0.17843866171003717,0.538,0.9103736013707319,20230718_121417,tcrdist_rerun,1,['beta'],"['tcrdist', 'tcrdist3']",True,500,5,0,500,True,DBSCAN,24,0.25,True,,VDJdb,beta,2500,tcrdist3,"[2.6980502605438232, 0.11665606498718262]",159
1,GILGFVFTL,0.9343629343629344,0.9641434262948207,0.9490196078431373,251.0,0.1952191235059761,0.502,0.9207597084955577,20230718_121417,tcrdist_rerun,1,['beta'],"['tcrdist', 'tcrdist3']",True,500,5,0,500,True,DBSCAN,24,0.25,True,,VDJdb,beta,2500,tcrdist3,"[2.6980502605438232, 0.11665606498718262]",159
2,IVTDFSVIK,0.9086021505376344,0.8802083333333334,0.8941798941798942,192.0,0.5989583333333334,0.384,0.7127132671250319,20230718_121417,tcrdist_rerun,1,['beta'],"['tcrdist', 'tcrdist3']",True,500,5,0,500,True,DBSCAN,24,0.25,True,,VDJdb,beta,2500,tcrdist3,"[2.6980502605438232, 0.11665606498718262]",159
3,AVFDRKSDAK,0.6,0.5384615384615384,0.5675675675675675,39.0,0.1282051282051282,0.078,0.5555555555555555,20230718_121417,tcrdist_rerun,1,['beta'],"['tcrdist', 'tcrdist3']",True,500,5,0,500,True,DBSCAN,24,0.25,True,,VDJdb,beta,2500,tcrdist3,"[2.6980502605438232, 0.11665606498718262]",159
4,KLGGALQAK,0.7586206896551724,0.6875,0.7213114754098361,32.0,0.15625,0.064,0.7645502645502645,20230718_121417,tcrdist_rerun,1,['beta'],"['tcrdist', 'tcrdist3']",True,500,5,0,500,True,DBSCAN,24,0.25,True,,VDJdb,beta,2500,tcrdist3,"[2.6980502605438232, 0.11665606498718262]",159
0,GILGFVFTL,0.0,0.0,0.0,500.0,0.216,1.0,0.0,20230718_121417,tcrdist_rerun,1,['beta'],"['tcrdist', 'tcrdist3']",True,500,5,0,500,True,DBSCAN,24,0.25,True,,VDJdb,beta,2500,random,0.001552581787109375,5
1,AVFDRKSDAK,0.22,0.22,0.22,500.0,0.22,1.0,0.22,20230718_121417,tcrdist_rerun,1,['beta'],"['tcrdist', 'tcrdist3']",True,500,5,0,500,True,DBSCAN,24,0.25,True,,VDJdb,beta,2500,random,0.001552581787109375,5
2,IVTDFSVIK,0.218,0.218,0.218,500.0,0.218,1.0,0.218,20230718_121417,tcrdist_rerun,1,['beta'],"['tcrdist', 'tcrdist3']",True,500,5,0,500,True,DBSCAN,24,0.25,True,,VDJdb,beta,2500,random,0.001552581787109375,5
3,KLGGALQAK,0.218,0.654,0.327,500.0,0.222,1.0,0.218,20230718_121417,tcrdist_rerun,1,['beta'],"['tcrdist', 'tcrdist3']",True,500,5,0,500,True,DBSCAN,24,0.25,True,,VDJdb,beta,2500,random,0.001552581787109375,5
4,RAKFKQLL,0.0,0.0,0.0,500.0,0.212,1.0,0.0,20230718_121417,tcrdist_rerun,1,['beta'],"['tcrdist', 'tcrdist3']",True,500,5,0,500,True,DBSCAN,24,0.25,True,,VDJdb,beta,2500,random,0.001552581787109375,5
