,cluster,most_frequent,most_enriched,purity_frequent,purity_enriched,N,Nd,Datetime,Experiment,CPUs,Chain_selection,Model_selection,Deduplicate,Downsample,Repeats,N_olga,Min_clustsize,Paired,tcrdist_Method,tcrdist_Radius,tcrdist_Hyper,tcrdist_Subset,Save,Dataset,Chain,N_total,Model,Runtime,N_clusters
0,90.0,AVFDRKSDAK,KLGGALQAK,0.22669190724088972,0.2252721249408424,2113,13,20230718_111828,tcrdist_rerun,1,['beta'],"['tcrdist', 'tcrdist3']",True,500,5,0,500,True,KMEANS,24,100.0,True,,VDJdb,beta,2500,tcrdist,"[0.2570979595184326, 1.9506804943084717]",22
1,35.0,GILGFVFTL,GILGFVFTL,0.9452054794520548,0.9452054794520548,73,13,20230718_111828,tcrdist_rerun,1,['beta'],"['tcrdist', 'tcrdist3']",True,500,5,0,500,True,KMEANS,24,100.0,True,,VDJdb,beta,2500,tcrdist,"[0.2570979595184326, 1.9506804943084717]",22
2,80.0,GILGFVFTL,GILGFVFTL,0.9830508474576272,0.9830508474576272,59,13,20230718_111828,tcrdist_rerun,1,['beta'],"['tcrdist', 'tcrdist3']",True,500,5,0,500,True,KMEANS,24,100.0,True,,VDJdb,beta,2500,tcrdist,"[0.2570979595184326, 1.9506804943084717]",22
3,15.0,GILGFVFTL,GILGFVFTL,1.0,1.0,35,13,20230718_111828,tcrdist_rerun,1,['beta'],"['tcrdist', 'tcrdist3']",True,500,5,0,500,True,KMEANS,24,100.0,True,,VDJdb,beta,2500,tcrdist,"[0.2570979595184326, 1.9506804943084717]",22
4,29.0,GILGFVFTL,GILGFVFTL,1.0,1.0,32,13,20230718_111828,tcrdist_rerun,1,['beta'],"['tcrdist', 'tcrdist3']",True,500,5,0,500,True,KMEANS,24,100.0,True,,VDJdb,beta,2500,tcrdist,"[0.2570979595184326, 1.9506804943084717]",22
5,55.0,GILGFVFTL,GILGFVFTL,1.0,1.0,16,13,20230718_111828,tcrdist_rerun,1,['beta'],"['tcrdist', 'tcrdist3']",True,500,5,0,500,True,KMEANS,24,100.0,True,,VDJdb,beta,2500,tcrdist,"[0.2570979595184326, 1.9506804943084717]",22
6,82.0,GILGFVFTL,GILGFVFTL,1.0,1.0,14,13,20230718_111828,tcrdist_rerun,1,['beta'],"['tcrdist', 'tcrdist3']",True,500,5,0,500,True,KMEANS,24,100.0,True,,VDJdb,beta,2500,tcrdist,"[0.2570979595184326, 1.9506804943084717]",22
7,47.0,GILGFVFTL,GILGFVFTL,1.0,1.0,11,13,20230718_111828,tcrdist_rerun,1,['beta'],"['tcrdist', 'tcrdist3']",True,500,5,0,500,True,KMEANS,24,100.0,True,,VDJdb,beta,2500,tcrdist,"[0.2570979595184326, 1.9506804943084717]",22
8,42.0,GILGFVFTL,GILGFVFTL,0.9090909090909091,0.9090909090909091,11,13,20230718_111828,tcrdist_rerun,1,['beta'],"['tcrdist', 'tcrdist3']",True,500,5,0,500,True,KMEANS,24,100.0,True,,VDJdb,beta,2500,tcrdist,"[0.2570979595184326, 1.9506804943084717]",22
9,96.0,GILGFVFTL,GILGFVFTL,0.6666666666666666,0.6666666666666666,9,13,20230718_111828,tcrdist_rerun,1,['beta'],"['tcrdist', 'tcrdist3']",True,500,5,0,500,True,KMEANS,24,100.0,True,,VDJdb,beta,2500,tcrdist,"[0.2570979595184326, 1.9506804943084717]",22
10,70.0,GILGFVFTL,GILGFVFTL,1.0,1.0,9,13,20230718_111828,tcrdist_rerun,1,['beta'],"['tcrdist', 'tcrdist3']",True,500,5,0,500,True,KMEANS,24,100.0,True,,VDJdb,beta,2500,tcrdist,"[0.2570979595184326, 1.9506804943084717]",22
11,37.0,GILGFVFTL,GILGFVFTL,1.0,1.0,7,13,20230718_111828,tcrdist_rerun,1,['beta'],"['tcrdist', 'tcrdist3']",True,500,5,0,500,True,KMEANS,24,100.0,True,,VDJdb,beta,2500,tcrdist,"[0.2570979595184326, 1.9506804943084717]",22
12,94.0,GILGFVFTL,GILGFVFTL,1.0,1.0,7,13,20230718_111828,tcrdist_rerun,1,['beta'],"['tcrdist', 'tcrdist3']",True,500,5,0,500,True,KMEANS,24,100.0,True,,VDJdb,beta,2500,tcrdist,"[0.2570979595184326, 1.9506804943084717]",22
13,11.0,GILGFVFTL,GILGFVFTL,1.0,1.0,5,13,20230718_111828,tcrdist_rerun,1,['beta'],"['tcrdist', 'tcrdist3']",True,500,5,0,500,True,KMEANS,24,100.0,True,,VDJdb,beta,2500,tcrdist,"[0.2570979595184326, 1.9506804943084717]",22
14,6.0,GILGFVFTL,GILGFVFTL,1.0,1.0,4,13,20230718_111828,tcrdist_rerun,1,['beta'],"['tcrdist', 'tcrdist3']",True,500,5,0,500,True,KMEANS,24,100.0,True,,VDJdb,beta,2500,tcrdist,"[0.2570979595184326, 1.9506804943084717]",22
15,89.0,GILGFVFTL,GILGFVFTL,1.0,1.0,3,13,20230718_111828,tcrdist_rerun,1,['beta'],"['tcrdist', 'tcrdist3']",True,500,5,0,500,True,KMEANS,24,100.0,True,,VDJdb,beta,2500,tcrdist,"[0.2570979595184326, 1.9506804943084717]",22
16,33.0,GILGFVFTL,GILGFVFTL,1.0,1.0,3,13,20230718_111828,tcrdist_rerun,1,['beta'],"['tcrdist', 'tcrdist3']",True,500,5,0,500,True,KMEANS,24,100.0,True,,VDJdb,beta,2500,tcrdist,"[0.2570979595184326, 1.9506804943084717]",22
17,61.0,RAKFKQLL,RAKFKQLL,1.0,1.0,3,13,20230718_111828,tcrdist_rerun,1,['beta'],"['tcrdist', 'tcrdist3']",True,500,5,0,500,True,KMEANS,24,100.0,True,,VDJdb,beta,2500,tcrdist,"[0.2570979595184326, 1.9506804943084717]",22
18,5.0,AVFDRKSDAK,AVFDRKSDAK,0.5,0.5,2,13,20230718_111828,tcrdist_rerun,1,['beta'],"['tcrdist', 'tcrdist3']",True,500,5,0,500,True,KMEANS,24,100.0,True,,VDJdb,beta,2500,tcrdist,"[0.2570979595184326, 1.9506804943084717]",22
19,97.0,IVTDFSVIK,KLGGALQAK,0.5,0.5,2,13,20230718_111828,tcrdist_rerun,1,['beta'],"['tcrdist', 'tcrdist3']",True,500,5,0,500,True,KMEANS,24,100.0,True,,VDJdb,beta,2500,tcrdist,"[0.2570979595184326, 1.9506804943084717]",22
20,99.0,RAKFKQLL,RAKFKQLL,1.0,1.0,2,13,20230718_111828,tcrdist_rerun,1,['beta'],"['tcrdist', 'tcrdist3']",True,500,5,0,500,True,KMEANS,24,100.0,True,,VDJdb,beta,2500,tcrdist,"[0.2570979595184326, 1.9506804943084717]",22
21,13.0,RAKFKQLL,RAKFKQLL,1.0,1.0,2,13,20230718_111828,tcrdist_rerun,1,['beta'],"['tcrdist', 'tcrdist3']",True,500,5,0,500,True,KMEANS,24,100.0,True,,VDJdb,beta,2500,tcrdist,"[0.2570979595184326, 1.9506804943084717]",22
0,2.0,GILGFVFTL,GILGFVFTL,0.212,0.212,500,0,20230718_111828,tcrdist_rerun,1,['beta'],"['tcrdist', 'tcrdist3']",True,500,5,0,500,True,KMEANS,24,100.0,True,,VDJdb,beta,2500,random,0.002120494842529297,5
1,4.0,KLGGALQAK,KLGGALQAK,0.212,0.212,500,0,20230718_111828,tcrdist_rerun,1,['beta'],"['tcrdist', 'tcrdist3']",True,500,5,0,500,True,KMEANS,24,100.0,True,,VDJdb,beta,2500,random,0.002120494842529297,5
2,0.0,AVFDRKSDAK,AVFDRKSDAK,0.23,0.23,500,0,20230718_111828,tcrdist_rerun,1,['beta'],"['tcrdist', 'tcrdist3']",True,500,5,0,500,True,KMEANS,24,100.0,True,,VDJdb,beta,2500,random,0.002120494842529297,5
3,1.0,RAKFKQLL,RAKFKQLL,0.226,0.226,500,0,20230718_111828,tcrdist_rerun,1,['beta'],"['tcrdist', 'tcrdist3']",True,500,5,0,500,True,KMEANS,24,100.0,True,,VDJdb,beta,2500,random,0.002120494842529297,5
4,3.0,IVTDFSVIK,IVTDFSVIK,0.228,0.228,500,0,20230718_111828,tcrdist_rerun,1,['beta'],"['tcrdist', 'tcrdist3']",True,500,5,0,500,True,KMEANS,24,100.0,True,,VDJdb,beta,2500,random,0.002120494842529297,5
0,2.0,AVFDRKSDAK,KLGGALQAK,0.25104166666666666,0.24895833333333334,1920,21,20230718_111828,tcrdist_rerun,1,['beta'],"['tcrdist', 'tcrdist3']",True,500,5,0,500,True,KMEANS,24,100.0,True,,VDJdb,beta,2500,tcrdist3,"[3.6293468475341797, 0.5437326431274414]",33
1,5.0,IVTDFSVIK,IVTDFSVIK,0.9824561403508771,0.9824561403508771,114,21,20230718_111828,tcrdist_rerun,1,['beta'],"['tcrdist', 'tcrdist3']",True,500,5,0,500,True,KMEANS,24,100.0,True,,VDJdb,beta,2500,tcrdist3,"[3.6293468475341797, 0.5437326431274414]",33
2,51.0,GILGFVFTL,GILGFVFTL,0.9818181818181818,0.9818181818181818,55,21,20230718_111828,tcrdist_rerun,1,['beta'],"['tcrdist', 'tcrdist3']",True,500,5,0,500,True,KMEANS,24,100.0,True,,VDJdb,beta,2500,tcrdist3,"[3.6293468475341797, 0.5437326431274414]",33
3,27.0,RAKFKQLL,RAKFKQLL,0.8823529411764706,0.8823529411764706,51,21,20230718_111828,tcrdist_rerun,1,['beta'],"['tcrdist', 'tcrdist3']",True,500,5,0,500,True,KMEANS,24,100.0,True,,VDJdb,beta,2500,tcrdist3,"[3.6293468475341797, 0.5437326431274414]",33
4,98.0,GILGFVFTL,GILGFVFTL,0.9761904761904762,0.9761904761904762,42,21,20230718_111828,tcrdist_rerun,1,['beta'],"['tcrdist', 'tcrdist3']",True,500,5,0,500,True,KMEANS,24,100.0,True,,VDJdb,beta,2500,tcrdist3,"[3.6293468475341797, 0.5437326431274414]",33
5,18.0,RAKFKQLL,RAKFKQLL,0.8780487804878049,0.8780487804878049,41,21,20230718_111828,tcrdist_rerun,1,['beta'],"['tcrdist', 'tcrdist3']",True,500,5,0,500,True,KMEANS,24,100.0,True,,VDJdb,beta,2500,tcrdist3,"[3.6293468475341797, 0.5437326431274414]",33
6,0.0,GILGFVFTL,GILGFVFTL,1.0,1.0,36,21,20230718_111828,tcrdist_rerun,1,['beta'],"['tcrdist', 'tcrdist3']",True,500,5,0,500,True,KMEANS,24,100.0,True,,VDJdb,beta,2500,tcrdist3,"[3.6293468475341797, 0.5437326431274414]",33
7,52.0,GILGFVFTL,GILGFVFTL,0.875,0.875,24,21,20230718_111828,tcrdist_rerun,1,['beta'],"['tcrdist', 'tcrdist3']",True,500,5,0,500,True,KMEANS,24,100.0,True,,VDJdb,beta,2500,tcrdist3,"[3.6293468475341797, 0.5437326431274414]",33
8,1.0,GILGFVFTL,GILGFVFTL,1.0,1.0,18,21,20230718_111828,tcrdist_rerun,1,['beta'],"['tcrdist', 'tcrdist3']",True,500,5,0,500,True,KMEANS,24,100.0,True,,VDJdb,beta,2500,tcrdist3,"[3.6293468475341797, 0.5437326431274414]",33
9,20.0,RAKFKQLL,RAKFKQLL,0.9375,0.9375,16,21,20230718_111828,tcrdist_rerun,1,['beta'],"['tcrdist', 'tcrdist3']",True,500,5,0,500,True,KMEANS,24,100.0,True,,VDJdb,beta,2500,tcrdist3,"[3.6293468475341797, 0.5437326431274414]",33
10,77.0,GILGFVFTL,GILGFVFTL,1.0,1.0,15,21,20230718_111828,tcrdist_rerun,1,['beta'],"['tcrdist', 'tcrdist3']",True,500,5,0,500,True,KMEANS,24,100.0,True,,VDJdb,beta,2500,tcrdist3,"[3.6293468475341797, 0.5437326431274414]",33
11,96.0,GILGFVFTL,GILGFVFTL,1.0,1.0,11,21,20230718_111828,tcrdist_rerun,1,['beta'],"['tcrdist', 'tcrdist3']",True,500,5,0,500,True,KMEANS,24,100.0,True,,VDJdb,beta,2500,tcrdist3,"[3.6293468475341797, 0.5437326431274414]",33
12,15.0,GILGFVFTL,GILGFVFTL,1.0,1.0,9,21,20230718_111828,tcrdist_rerun,1,['beta'],"['tcrdist', 'tcrdist3']",True,500,5,0,500,True,KMEANS,24,100.0,True,,VDJdb,beta,2500,tcrdist3,"[3.6293468475341797, 0.5437326431274414]",33
13,95.0,GILGFVFTL,GILGFVFTL,1.0,1.0,9,21,20230718_111828,tcrdist_rerun,1,['beta'],"['tcrdist', 'tcrdist3']",True,500,5,0,500,True,KMEANS,24,100.0,True,,VDJdb,beta,2500,tcrdist3,"[3.6293468475341797, 0.5437326431274414]",33
14,75.0,GILGFVFTL,GILGFVFTL,1.0,1.0,8,21,20230718_111828,tcrdist_rerun,1,['beta'],"['tcrdist', 'tcrdist3']",True,500,5,0,500,True,KMEANS,24,100.0,True,,VDJdb,beta,2500,tcrdist3,"[3.6293468475341797, 0.5437326431274414]",33
15,44.0,GILGFVFTL,GILGFVFTL,0.2857142857142857,0.2857142857142857,7,21,20230718_111828,tcrdist_rerun,1,['beta'],"['tcrdist', 'tcrdist3']",True,500,5,0,500,True,KMEANS,24,100.0,True,,VDJdb,beta,2500,tcrdist3,"[3.6293468475341797, 0.5437326431274414]",33
16,55.0,GILGFVFTL,GILGFVFTL,1.0,1.0,6,21,20230718_111828,tcrdist_rerun,1,['beta'],"['tcrdist', 'tcrdist3']",True,500,5,0,500,True,KMEANS,24,100.0,True,,VDJdb,beta,2500,tcrdist3,"[3.6293468475341797, 0.5437326431274414]",33
17,79.0,GILGFVFTL,GILGFVFTL,1.0,1.0,6,21,20230718_111828,tcrdist_rerun,1,['beta'],"['tcrdist', 'tcrdist3']",True,500,5,0,500,True,KMEANS,24,100.0,True,,VDJdb,beta,2500,tcrdist3,"[3.6293468475341797, 0.5437326431274414]",33
18,56.0,GILGFVFTL,GILGFVFTL,1.0,1.0,5,21,20230718_111828,tcrdist_rerun,1,['beta'],"['tcrdist', 'tcrdist3']",True,500,5,0,500,True,KMEANS,24,100.0,True,,VDJdb,beta,2500,tcrdist3,"[3.6293468475341797, 0.5437326431274414]",33
19,65.0,RAKFKQLL,RAKFKQLL,1.0,1.0,5,21,20230718_111828,tcrdist_rerun,1,['beta'],"['tcrdist', 'tcrdist3']",True,500,5,0,500,True,KMEANS,24,100.0,True,,VDJdb,beta,2500,tcrdist3,"[3.6293468475341797, 0.5437326431274414]",33
20,37.0,GILGFVFTL,GILGFVFTL,1.0,1.0,4,21,20230718_111828,tcrdist_rerun,1,['beta'],"['tcrdist', 'tcrdist3']",True,500,5,0,500,True,KMEANS,24,100.0,True,,VDJdb,beta,2500,tcrdist3,"[3.6293468475341797, 0.5437326431274414]",33
21,99.0,GILGFVFTL,GILGFVFTL,1.0,1.0,4,21,20230718_111828,tcrdist_rerun,1,['beta'],"['tcrdist', 'tcrdist3']",True,500,5,0,500,True,KMEANS,24,100.0,True,,VDJdb,beta,2500,tcrdist3,"[3.6293468475341797, 0.5437326431274414]",33
22,31.0,GILGFVFTL,GILGFVFTL,0.6666666666666666,0.6666666666666666,3,21,20230718_111828,tcrdist_rerun,1,['beta'],"['tcrdist', 'tcrdist3']",True,500,5,0,500,True,KMEANS,24,100.0,True,,VDJdb,beta,2500,tcrdist3,"[3.6293468475341797, 0.5437326431274414]",33
23,38.0,GILGFVFTL,GILGFVFTL,1.0,1.0,3,21,20230718_111828,tcrdist_rerun,1,['beta'],"['tcrdist', 'tcrdist3']",True,500,5,0,500,True,KMEANS,24,100.0,True,,VDJdb,beta,2500,tcrdist3,"[3.6293468475341797, 0.5437326431274414]",33
24,82.0,RAKFKQLL,RAKFKQLL,0.6666666666666666,0.6666666666666666,3,21,20230718_111828,tcrdist_rerun,1,['beta'],"['tcrdist', 'tcrdist3']",True,500,5,0,500,True,KMEANS,24,100.0,True,,VDJdb,beta,2500,tcrdist3,"[3.6293468475341797, 0.5437326431274414]",33
25,48.0,RAKFKQLL,RAKFKQLL,1.0,1.0,3,21,20230718_111828,tcrdist_rerun,1,['beta'],"['tcrdist', 'tcrdist3']",True,500,5,0,500,True,KMEANS,24,100.0,True,,VDJdb,beta,2500,tcrdist3,"[3.6293468475341797, 0.5437326431274414]",33
26,67.0,RAKFKQLL,RAKFKQLL,1.0,1.0,3,21,20230718_111828,tcrdist_rerun,1,['beta'],"['tcrdist', 'tcrdist3']",True,500,5,0,500,True,KMEANS,24,100.0,True,,VDJdb,beta,2500,tcrdist3,"[3.6293468475341797, 0.5437326431274414]",33
27,28.0,GILGFVFTL,GILGFVFTL,1.0,1.0,2,21,20230718_111828,tcrdist_rerun,1,['beta'],"['tcrdist', 'tcrdist3']",True,500,5,0,500,True,KMEANS,24,100.0,True,,VDJdb,beta,2500,tcrdist3,"[3.6293468475341797, 0.5437326431274414]",33
28,88.0,AVFDRKSDAK,AVFDRKSDAK,0.5,0.5,2,21,20230718_111828,tcrdist_rerun,1,['beta'],"['tcrdist', 'tcrdist3']",True,500,5,0,500,True,KMEANS,24,100.0,True,,VDJdb,beta,2500,tcrdist3,"[3.6293468475341797, 0.5437326431274414]",33
29,17.0,AVFDRKSDAK,AVFDRKSDAK,0.5,0.5,2,21,20230718_111828,tcrdist_rerun,1,['beta'],"['tcrdist', 'tcrdist3']",True,500,5,0,500,True,KMEANS,24,100.0,True,,VDJdb,beta,2500,tcrdist3,"[3.6293468475341797, 0.5437326431274414]",33
30,13.0,AVFDRKSDAK,KLGGALQAK,0.5,0.5,2,21,20230718_111828,tcrdist_rerun,1,['beta'],"['tcrdist', 'tcrdist3']",True,500,5,0,500,True,KMEANS,24,100.0,True,,VDJdb,beta,2500,tcrdist3,"[3.6293468475341797, 0.5437326431274414]",33
31,64.0,RAKFKQLL,RAKFKQLL,1.0,1.0,2,21,20230718_111828,tcrdist_rerun,1,['beta'],"['tcrdist', 'tcrdist3']",True,500,5,0,500,True,KMEANS,24,100.0,True,,VDJdb,beta,2500,tcrdist3,"[3.6293468475341797, 0.5437326431274414]",33
32,10.0,AVFDRKSDAK,KLGGALQAK,0.5,0.5,2,21,20230718_111828,tcrdist_rerun,1,['beta'],"['tcrdist', 'tcrdist3']",True,500,5,0,500,True,KMEANS,24,100.0,True,,VDJdb,beta,2500,tcrdist3,"[3.6293468475341797, 0.5437326431274414]",33
0,0.0,GILGFVFTL,GILGFVFTL,0.226,0.226,500,0,20230718_111828,tcrdist_rerun,1,['beta'],"['tcrdist', 'tcrdist3']",True,500,5,0,500,True,KMEANS,24,100.0,True,,VDJdb,beta,2500,random,0.0015099048614501953,5
1,1.0,AVFDRKSDAK,AVFDRKSDAK,0.22,0.22,500,0,20230718_111828,tcrdist_rerun,1,['beta'],"['tcrdist', 'tcrdist3']",True,500,5,0,500,True,KMEANS,24,100.0,True,,VDJdb,beta,2500,random,0.0015099048614501953,5
2,3.0,IVTDFSVIK,IVTDFSVIK,0.22,0.22,500,0,20230718_111828,tcrdist_rerun,1,['beta'],"['tcrdist', 'tcrdist3']",True,500,5,0,500,True,KMEANS,24,100.0,True,,VDJdb,beta,2500,random,0.0015099048614501953,5
3,4.0,KLGGALQAK,KLGGALQAK,0.22,0.22,500,0,20230718_111828,tcrdist_rerun,1,['beta'],"['tcrdist', 'tcrdist3']",True,500,5,0,500,True,KMEANS,24,100.0,True,,VDJdb,beta,2500,random,0.0015099048614501953,5
4,2.0,AVFDRKSDAK,AVFDRKSDAK,0.208,0.208,500,0,20230718_111828,tcrdist_rerun,1,['beta'],"['tcrdist', 'tcrdist3']",True,500,5,0,500,True,KMEANS,24,100.0,True,,VDJdb,beta,2500,random,0.0015099048614501953,5
0,72.0,AVFDRKSDAK,KLGGALQAK,0.24279210925644917,0.23773394031360648,1977,17,20230718_111828,tcrdist_rerun,1,['beta'],"['tcrdist', 'tcrdist3']",True,500,5,0,500,True,KMEANS,24,100.0,True,,VDJdb,beta,2500,tcrdist,"[0.2528965473175049, 2.0116794109344482]",29
1,29.0,IVTDFSVIK,IVTDFSVIK,0.9823008849557522,0.9823008849557522,113,17,20230718_111828,tcrdist_rerun,1,['beta'],"['tcrdist', 'tcrdist3']",True,500,5,0,500,True,KMEANS,24,100.0,True,,VDJdb,beta,2500,tcrdist,"[0.2528965473175049, 2.0116794109344482]",29
2,71.0,GILGFVFTL,GILGFVFTL,0.945054945054945,0.945054945054945,91,17,20230718_111828,tcrdist_rerun,1,['beta'],"['tcrdist', 'tcrdist3']",True,500,5,0,500,True,KMEANS,24,100.0,True,,VDJdb,beta,2500,tcrdist,"[0.2528965473175049, 2.0116794109344482]",29
3,15.0,GILGFVFTL,GILGFVFTL,1.0,1.0,34,17,20230718_111828,tcrdist_rerun,1,['beta'],"['tcrdist', 'tcrdist3']",True,500,5,0,500,True,KMEANS,24,100.0,True,,VDJdb,beta,2500,tcrdist,"[0.2528965473175049, 2.0116794109344482]",29
4,2.0,GILGFVFTL,GILGFVFTL,0.96,0.96,25,17,20230718_111828,tcrdist_rerun,1,['beta'],"['tcrdist', 'tcrdist3']",True,500,5,0,500,True,KMEANS,24,100.0,True,,VDJdb,beta,2500,tcrdist,"[0.2528965473175049, 2.0116794109344482]",29
5,77.0,GILGFVFTL,GILGFVFTL,1.0,1.0,21,17,20230718_111828,tcrdist_rerun,1,['beta'],"['tcrdist', 'tcrdist3']",True,500,5,0,500,True,KMEANS,24,100.0,True,,VDJdb,beta,2500,tcrdist,"[0.2528965473175049, 2.0116794109344482]",29
6,6.0,GILGFVFTL,GILGFVFTL,1.0,1.0,20,17,20230718_111828,tcrdist_rerun,1,['beta'],"['tcrdist', 'tcrdist3']",True,500,5,0,500,True,KMEANS,24,100.0,True,,VDJdb,beta,2500,tcrdist,"[0.2528965473175049, 2.0116794109344482]",29
7,1.0,GILGFVFTL,GILGFVFTL,0.95,0.95,20,17,20230718_111828,tcrdist_rerun,1,['beta'],"['tcrdist', 'tcrdist3']",True,500,5,0,500,True,KMEANS,24,100.0,True,,VDJdb,beta,2500,tcrdist,"[0.2528965473175049, 2.0116794109344482]",29
8,42.0,GILGFVFTL,GILGFVFTL,1.0,1.0,16,17,20230718_111828,tcrdist_rerun,1,['beta'],"['tcrdist', 'tcrdist3']",True,500,5,0,500,True,KMEANS,24,100.0,True,,VDJdb,beta,2500,tcrdist,"[0.2528965473175049, 2.0116794109344482]",29
9,68.0,GILGFVFTL,GILGFVFTL,0.9333333333333333,0.9333333333333333,15,17,20230718_111828,tcrdist_rerun,1,['beta'],"['tcrdist', 'tcrdist3']",True,500,5,0,500,True,KMEANS,24,100.0,True,,VDJdb,beta,2500,tcrdist,"[0.2528965473175049, 2.0116794109344482]",29
10,3.0,GILGFVFTL,GILGFVFTL,1.0,1.0,14,17,20230718_111828,tcrdist_rerun,1,['beta'],"['tcrdist', 'tcrdist3']",True,500,5,0,500,True,KMEANS,24,100.0,True,,VDJdb,beta,2500,tcrdist,"[0.2528965473175049, 2.0116794109344482]",29
11,67.0,GILGFVFTL,GILGFVFTL,1.0,1.0,12,17,20230718_111828,tcrdist_rerun,1,['beta'],"['tcrdist', 'tcrdist3']",True,500,5,0,500,True,KMEANS,24,100.0,True,,VDJdb,beta,2500,tcrdist,"[0.2528965473175049, 2.0116794109344482]",29
12,5.0,GILGFVFTL,GILGFVFTL,1.0,1.0,8,17,20230718_111828,tcrdist_rerun,1,['beta'],"['tcrdist', 'tcrdist3']",True,500,5,0,500,True,KMEANS,24,100.0,True,,VDJdb,beta,2500,tcrdist,"[0.2528965473175049, 2.0116794109344482]",29
13,0.0,GILGFVFTL,GILGFVFTL,1.0,1.0,8,17,20230718_111828,tcrdist_rerun,1,['beta'],"['tcrdist', 'tcrdist3']",True,500,5,0,500,True,KMEANS,24,100.0,True,,VDJdb,beta,2500,tcrdist,"[0.2528965473175049, 2.0116794109344482]",29
14,59.0,RAKFKQLL,RAKFKQLL,1.0,1.0,8,17,20230718_111828,tcrdist_rerun,1,['beta'],"['tcrdist', 'tcrdist3']",True,500,5,0,500,True,KMEANS,24,100.0,True,,VDJdb,beta,2500,tcrdist,"[0.2528965473175049, 2.0116794109344482]",29
15,9.0,GILGFVFTL,GILGFVFTL,1.0,1.0,6,17,20230718_111828,tcrdist_rerun,1,['beta'],"['tcrdist', 'tcrdist3']",True,500,5,0,500,True,KMEANS,24,100.0,True,,VDJdb,beta,2500,tcrdist,"[0.2528965473175049, 2.0116794109344482]",29
16,55.0,GILGFVFTL,GILGFVFTL,1.0,1.0,5,17,20230718_111828,tcrdist_rerun,1,['beta'],"['tcrdist', 'tcrdist3']",True,500,5,0,500,True,KMEANS,24,100.0,True,,VDJdb,beta,2500,tcrdist,"[0.2528965473175049, 2.0116794109344482]",29
17,32.0,GILGFVFTL,GILGFVFTL,1.0,1.0,4,17,20230718_111828,tcrdist_rerun,1,['beta'],"['tcrdist', 'tcrdist3']",True,500,5,0,500,True,KMEANS,24,100.0,True,,VDJdb,beta,2500,tcrdist,"[0.2528965473175049, 2.0116794109344482]",29
18,39.0,GILGFVFTL,GILGFVFTL,1.0,1.0,4,17,20230718_111828,tcrdist_rerun,1,['beta'],"['tcrdist', 'tcrdist3']",True,500,5,0,500,True,KMEANS,24,100.0,True,,VDJdb,beta,2500,tcrdist,"[0.2528965473175049, 2.0116794109344482]",29
19,78.0,GILGFVFTL,GILGFVFTL,1.0,1.0,4,17,20230718_111828,tcrdist_rerun,1,['beta'],"['tcrdist', 'tcrdist3']",True,500,5,0,500,True,KMEANS,24,100.0,True,,VDJdb,beta,2500,tcrdist,"[0.2528965473175049, 2.0116794109344482]",29
20,96.0,GILGFVFTL,GILGFVFTL,1.0,1.0,3,17,20230718_111828,tcrdist_rerun,1,['beta'],"['tcrdist', 'tcrdist3']",True,500,5,0,500,True,KMEANS,24,100.0,True,,VDJdb,beta,2500,tcrdist,"[0.2528965473175049, 2.0116794109344482]",29
21,92.0,GILGFVFTL,GILGFVFTL,1.0,1.0,3,17,20230718_111828,tcrdist_rerun,1,['beta'],"['tcrdist', 'tcrdist3']",True,500,5,0,500,True,KMEANS,24,100.0,True,,VDJdb,beta,2500,tcrdist,"[0.2528965473175049, 2.0116794109344482]",29
22,83.0,GILGFVFTL,GILGFVFTL,0.6666666666666666,0.6666666666666666,3,17,20230718_111828,tcrdist_rerun,1,['beta'],"['tcrdist', 'tcrdist3']",True,500,5,0,500,True,KMEANS,24,100.0,True,,VDJdb,beta,2500,tcrdist,"[0.2528965473175049, 2.0116794109344482]",29
23,70.0,IVTDFSVIK,IVTDFSVIK,1.0,1.0,3,17,20230718_111828,tcrdist_rerun,1,['beta'],"['tcrdist', 'tcrdist3']",True,500,5,0,500,True,KMEANS,24,100.0,True,,VDJdb,beta,2500,tcrdist,"[0.2528965473175049, 2.0116794109344482]",29
24,14.0,GILGFVFTL,GILGFVFTL,1.0,1.0,3,17,20230718_111828,tcrdist_rerun,1,['beta'],"['tcrdist', 'tcrdist3']",True,500,5,0,500,True,KMEANS,24,100.0,True,,VDJdb,beta,2500,tcrdist,"[0.2528965473175049, 2.0116794109344482]",29
25,25.0,RAKFKQLL,RAKFKQLL,1.0,1.0,3,17,20230718_111828,tcrdist_rerun,1,['beta'],"['tcrdist', 'tcrdist3']",True,500,5,0,500,True,KMEANS,24,100.0,True,,VDJdb,beta,2500,tcrdist,"[0.2528965473175049, 2.0116794109344482]",29
26,26.0,GILGFVFTL,GILGFVFTL,1.0,1.0,2,17,20230718_111828,tcrdist_rerun,1,['beta'],"['tcrdist', 'tcrdist3']",True,500,5,0,500,True,KMEANS,24,100.0,True,,VDJdb,beta,2500,tcrdist,"[0.2528965473175049, 2.0116794109344482]",29
27,60.0,IVTDFSVIK,IVTDFSVIK,0.5,0.5,2,17,20230718_111828,tcrdist_rerun,1,['beta'],"['tcrdist', 'tcrdist3']",True,500,5,0,500,True,KMEANS,24,100.0,True,,VDJdb,beta,2500,tcrdist,"[0.2528965473175049, 2.0116794109344482]",29
28,64.0,RAKFKQLL,RAKFKQLL,1.0,1.0,2,17,20230718_111828,tcrdist_rerun,1,['beta'],"['tcrdist', 'tcrdist3']",True,500,5,0,500,True,KMEANS,24,100.0,True,,VDJdb,beta,2500,tcrdist,"[0.2528965473175049, 2.0116794109344482]",29
0,3.0,IVTDFSVIK,IVTDFSVIK,0.232,0.232,500,0,20230718_111828,tcrdist_rerun,1,['beta'],"['tcrdist', 'tcrdist3']",True,500,5,0,500,True,KMEANS,24,100.0,True,,VDJdb,beta,2500,random,0.0014643669128417969,5
1,1.0,GILGFVFTL,GILGFVFTL,0.214,0.214,500,0,20230718_111828,tcrdist_rerun,1,['beta'],"['tcrdist', 'tcrdist3']",True,500,5,0,500,True,KMEANS,24,100.0,True,,VDJdb,beta,2500,random,0.0014643669128417969,5
2,0.0,KLGGALQAK,KLGGALQAK,0.24,0.24,500,0,20230718_111828,tcrdist_rerun,1,['beta'],"['tcrdist', 'tcrdist3']",True,500,5,0,500,True,KMEANS,24,100.0,True,,VDJdb,beta,2500,random,0.0014643669128417969,5
3,2.0,AVFDRKSDAK,AVFDRKSDAK,0.206,0.206,500,0,20230718_111828,tcrdist_rerun,1,['beta'],"['tcrdist', 'tcrdist3']",True,500,5,0,500,True,KMEANS,24,100.0,True,,VDJdb,beta,2500,random,0.0014643669128417969,5
4,4.0,KLGGALQAK,KLGGALQAK,0.214,0.214,500,0,20230718_111828,tcrdist_rerun,1,['beta'],"['tcrdist', 'tcrdist3']",True,500,5,0,500,True,KMEANS,24,100.0,True,,VDJdb,beta,2500,random,0.0014643669128417969,5
0,3.0,KLGGALQAK,KLGGALQAK,0.2629262926292629,0.2629262926292629,1818,17,20230718_111828,tcrdist_rerun,1,['beta'],"['tcrdist', 'tcrdist3']",True,500,5,0,500,True,KMEANS,24,100.0,True,,VDJdb,beta,2500,tcrdist3,"[2.258237361907959, 0.5301477909088135]",37
1,58.0,IVTDFSVIK,IVTDFSVIK,0.9823008849557522,0.9823008849557522,113,17,20230718_111828,tcrdist_rerun,1,['beta'],"['tcrdist', 'tcrdist3']",True,500,5,0,500,True,KMEANS,24,100.0,True,,VDJdb,beta,2500,tcrdist3,"[2.258237361907959, 0.5301477909088135]",37
2,1.0,GILGFVFTL,GILGFVFTL,0.5370370370370371,0.5370370370370371,54,17,20230718_111828,tcrdist_rerun,1,['beta'],"['tcrdist', 'tcrdist3']",True,500,5,0,500,True,KMEANS,24,100.0,True,,VDJdb,beta,2500,tcrdist3,"[2.258237361907959, 0.5301477909088135]",37
3,39.0,GILGFVFTL,GILGFVFTL,0.9411764705882353,0.9411764705882353,51,17,20230718_111828,tcrdist_rerun,1,['beta'],"['tcrdist', 'tcrdist3']",True,500,5,0,500,True,KMEANS,24,100.0,True,,VDJdb,beta,2500,tcrdist3,"[2.258237361907959, 0.5301477909088135]",37
4,0.0,RAKFKQLL,RAKFKQLL,0.84,0.84,50,17,20230718_111828,tcrdist_rerun,1,['beta'],"['tcrdist', 'tcrdist3']",True,500,5,0,500,True,KMEANS,24,100.0,True,,VDJdb,beta,2500,tcrdist3,"[2.258237361907959, 0.5301477909088135]",37
5,17.0,RAKFKQLL,RAKFKQLL,0.9069767441860465,0.9069767441860465,43,17,20230718_111828,tcrdist_rerun,1,['beta'],"['tcrdist', 'tcrdist3']",True,500,5,0,500,True,KMEANS,24,100.0,True,,VDJdb,beta,2500,tcrdist3,"[2.258237361907959, 0.5301477909088135]",37
6,45.0,GILGFVFTL,GILGFVFTL,1.0,1.0,32,17,20230718_111828,tcrdist_rerun,1,['beta'],"['tcrdist', 'tcrdist3']",True,500,5,0,500,True,KMEANS,24,100.0,True,,VDJdb,beta,2500,tcrdist3,"[2.258237361907959, 0.5301477909088135]",37
7,65.0,GILGFVFTL,GILGFVFTL,1.0,1.0,23,17,20230718_111828,tcrdist_rerun,1,['beta'],"['tcrdist', 'tcrdist3']",True,500,5,0,500,True,KMEANS,24,100.0,True,,VDJdb,beta,2500,tcrdist3,"[2.258237361907959, 0.5301477909088135]",37
8,36.0,IVTDFSVIK,IVTDFSVIK,1.0,1.0,22,17,20230718_111828,tcrdist_rerun,1,['beta'],"['tcrdist', 'tcrdist3']",True,500,5,0,500,True,KMEANS,24,100.0,True,,VDJdb,beta,2500,tcrdist3,"[2.258237361907959, 0.5301477909088135]",37
9,88.0,GILGFVFTL,GILGFVFTL,0.95,0.95,20,17,20230718_111828,tcrdist_rerun,1,['beta'],"['tcrdist', 'tcrdist3']",True,500,5,0,500,True,KMEANS,24,100.0,True,,VDJdb,beta,2500,tcrdist3,"[2.258237361907959, 0.5301477909088135]",37
10,12.0,GILGFVFTL,GILGFVFTL,1.0,1.0,20,17,20230718_111828,tcrdist_rerun,1,['beta'],"['tcrdist', 'tcrdist3']",True,500,5,0,500,True,KMEANS,24,100.0,True,,VDJdb,beta,2500,tcrdist3,"[2.258237361907959, 0.5301477909088135]",37
11,79.0,RAKFKQLL,RAKFKQLL,0.8888888888888888,0.8888888888888888,18,17,20230718_111828,tcrdist_rerun,1,['beta'],"['tcrdist', 'tcrdist3']",True,500,5,0,500,True,KMEANS,24,100.0,True,,VDJdb,beta,2500,tcrdist3,"[2.258237361907959, 0.5301477909088135]",37
12,94.0,GILGFVFTL,GILGFVFTL,1.0,1.0,18,17,20230718_111828,tcrdist_rerun,1,['beta'],"['tcrdist', 'tcrdist3']",True,500,5,0,500,True,KMEANS,24,100.0,True,,VDJdb,beta,2500,tcrdist3,"[2.258237361907959, 0.5301477909088135]",37
13,75.0,GILGFVFTL,GILGFVFTL,0.8888888888888888,0.8888888888888888,18,17,20230718_111828,tcrdist_rerun,1,['beta'],"['tcrdist', 'tcrdist3']",True,500,5,0,500,True,KMEANS,24,100.0,True,,VDJdb,beta,2500,tcrdist3,"[2.258237361907959, 0.5301477909088135]",37
14,83.0,GILGFVFTL,GILGFVFTL,0.9411764705882353,0.9411764705882353,17,17,20230718_111828,tcrdist_rerun,1,['beta'],"['tcrdist', 'tcrdist3']",True,500,5,0,500,True,KMEANS,24,100.0,True,,VDJdb,beta,2500,tcrdist3,"[2.258237361907959, 0.5301477909088135]",37
15,84.0,GILGFVFTL,GILGFVFTL,1.0,1.0,16,17,20230718_111828,tcrdist_rerun,1,['beta'],"['tcrdist', 'tcrdist3']",True,500,5,0,500,True,KMEANS,24,100.0,True,,VDJdb,beta,2500,tcrdist3,"[2.258237361907959, 0.5301477909088135]",37
16,16.0,GILGFVFTL,GILGFVFTL,1.0,1.0,14,17,20230718_111828,tcrdist_rerun,1,['beta'],"['tcrdist', 'tcrdist3']",True,500,5,0,500,True,KMEANS,24,100.0,True,,VDJdb,beta,2500,tcrdist3,"[2.258237361907959, 0.5301477909088135]",37
17,2.0,GILGFVFTL,GILGFVFTL,1.0,1.0,13,17,20230718_111828,tcrdist_rerun,1,['beta'],"['tcrdist', 'tcrdist3']",True,500,5,0,500,True,KMEANS,24,100.0,True,,VDJdb,beta,2500,tcrdist3,"[2.258237361907959, 0.5301477909088135]",37
18,7.0,GILGFVFTL,GILGFVFTL,0.9166666666666666,0.9166666666666666,12,17,20230718_111828,tcrdist_rerun,1,['beta'],"['tcrdist', 'tcrdist3']",True,500,5,0,500,True,KMEANS,24,100.0,True,,VDJdb,beta,2500,tcrdist3,"[2.258237361907959, 0.5301477909088135]",37
19,49.0,RAKFKQLL,RAKFKQLL,1.0,1.0,11,17,20230718_111828,tcrdist_rerun,1,['beta'],"['tcrdist', 'tcrdist3']",True,500,5,0,500,True,KMEANS,24,100.0,True,,VDJdb,beta,2500,tcrdist3,"[2.258237361907959, 0.5301477909088135]",37
20,59.0,GILGFVFTL,GILGFVFTL,1.0,1.0,9,17,20230718_111828,tcrdist_rerun,1,['beta'],"['tcrdist', 'tcrdist3']",True,500,5,0,500,True,KMEANS,24,100.0,True,,VDJdb,beta,2500,tcrdist3,"[2.258237361907959, 0.5301477909088135]",37
21,44.0,AVFDRKSDAK,AVFDRKSDAK,0.6,0.6,5,17,20230718_111828,tcrdist_rerun,1,['beta'],"['tcrdist', 'tcrdist3']",True,500,5,0,500,True,KMEANS,24,100.0,True,,VDJdb,beta,2500,tcrdist3,"[2.258237361907959, 0.5301477909088135]",37
22,72.0,GILGFVFTL,GILGFVFTL,0.5,0.5,4,17,20230718_111828,tcrdist_rerun,1,['beta'],"['tcrdist', 'tcrdist3']",True,500,5,0,500,True,KMEANS,24,100.0,True,,VDJdb,beta,2500,tcrdist3,"[2.258237361907959, 0.5301477909088135]",37
23,46.0,RAKFKQLL,RAKFKQLL,0.75,0.75,4,17,20230718_111828,tcrdist_rerun,1,['beta'],"['tcrdist', 'tcrdist3']",True,500,5,0,500,True,KMEANS,24,100.0,True,,VDJdb,beta,2500,tcrdist3,"[2.258237361907959, 0.5301477909088135]",37
24,4.0,RAKFKQLL,RAKFKQLL,1.0,1.0,3,17,20230718_111828,tcrdist_rerun,1,['beta'],"['tcrdist', 'tcrdist3']",True,500,5,0,500,True,KMEANS,24,100.0,True,,VDJdb,beta,2500,tcrdist3,"[2.258237361907959, 0.5301477909088135]",37
25,60.0,KLGGALQAK,KLGGALQAK,1.0,1.0,3,17,20230718_111828,tcrdist_rerun,1,['beta'],"['tcrdist', 'tcrdist3']",True,500,5,0,500,True,KMEANS,24,100.0,True,,VDJdb,beta,2500,tcrdist3,"[2.258237361907959, 0.5301477909088135]",37
26,23.0,RAKFKQLL,RAKFKQLL,1.0,1.0,3,17,20230718_111828,tcrdist_rerun,1,['beta'],"['tcrdist', 'tcrdist3']",True,500,5,0,500,True,KMEANS,24,100.0,True,,VDJdb,beta,2500,tcrdist3,"[2.258237361907959, 0.5301477909088135]",37
27,50.0,AVFDRKSDAK,AVFDRKSDAK,0.6666666666666666,0.6666666666666666,3,17,20230718_111828,tcrdist_rerun,1,['beta'],"['tcrdist', 'tcrdist3']",True,500,5,0,500,True,KMEANS,24,100.0,True,,VDJdb,beta,2500,tcrdist3,"[2.258237361907959, 0.5301477909088135]",37
28,74.0,GILGFVFTL,GILGFVFTL,1.0,1.0,3,17,20230718_111828,tcrdist_rerun,1,['beta'],"['tcrdist', 'tcrdist3']",True,500,5,0,500,True,KMEANS,24,100.0,True,,VDJdb,beta,2500,tcrdist3,"[2.258237361907959, 0.5301477909088135]",37
29,62.0,RAKFKQLL,RAKFKQLL,0.6666666666666666,0.6666666666666666,3,17,20230718_111828,tcrdist_rerun,1,['beta'],"['tcrdist', 'tcrdist3']",True,500,5,0,500,True,KMEANS,24,100.0,True,,VDJdb,beta,2500,tcrdist3,"[2.258237361907959, 0.5301477909088135]",37
30,87.0,IVTDFSVIK,IVTDFSVIK,1.0,1.0,2,17,20230718_111828,tcrdist_rerun,1,['beta'],"['tcrdist', 'tcrdist3']",True,500,5,0,500,True,KMEANS,24,100.0,True,,VDJdb,beta,2500,tcrdist3,"[2.258237361907959, 0.5301477909088135]",37
31,90.0,GILGFVFTL,GILGFVFTL,0.5,0.5,2,17,20230718_111828,tcrdist_rerun,1,['beta'],"['tcrdist', 'tcrdist3']",True,500,5,0,500,True,KMEANS,24,100.0,True,,VDJdb,beta,2500,tcrdist3,"[2.258237361907959, 0.5301477909088135]",37
32,9.0,IVTDFSVIK,IVTDFSVIK,0.5,0.5,2,17,20230718_111828,tcrdist_rerun,1,['beta'],"['tcrdist', 'tcrdist3']",True,500,5,0,500,True,KMEANS,24,100.0,True,,VDJdb,beta,2500,tcrdist3,"[2.258237361907959, 0.5301477909088135]",37
33,14.0,GILGFVFTL,GILGFVFTL,0.5,0.5,2,17,20230718_111828,tcrdist_rerun,1,['beta'],"['tcrdist', 'tcrdist3']",True,500,5,0,500,True,KMEANS,24,100.0,True,,VDJdb,beta,2500,tcrdist3,"[2.258237361907959, 0.5301477909088135]",37
34,64.0,RAKFKQLL,RAKFKQLL,1.0,1.0,2,17,20230718_111828,tcrdist_rerun,1,['beta'],"['tcrdist', 'tcrdist3']",True,500,5,0,500,True,KMEANS,24,100.0,True,,VDJdb,beta,2500,tcrdist3,"[2.258237361907959, 0.5301477909088135]",37
35,57.0,RAKFKQLL,RAKFKQLL,1.0,1.0,2,17,20230718_111828,tcrdist_rerun,1,['beta'],"['tcrdist', 'tcrdist3']",True,500,5,0,500,True,KMEANS,24,100.0,True,,VDJdb,beta,2500,tcrdist3,"[2.258237361907959, 0.5301477909088135]",37
36,11.0,GILGFVFTL,GILGFVFTL,1.0,1.0,2,17,20230718_111828,tcrdist_rerun,1,['beta'],"['tcrdist', 'tcrdist3']",True,500,5,0,500,True,KMEANS,24,100.0,True,,VDJdb,beta,2500,tcrdist3,"[2.258237361907959, 0.5301477909088135]",37
0,1.0,GILGFVFTL,GILGFVFTL,0.216,0.216,500,0,20230718_111828,tcrdist_rerun,1,['beta'],"['tcrdist', 'tcrdist3']",True,500,5,0,500,True,KMEANS,24,100.0,True,,VDJdb,beta,2500,random,0.0014691352844238281,5
1,0.0,AVFDRKSDAK,AVFDRKSDAK,0.242,0.242,500,0,20230718_111828,tcrdist_rerun,1,['beta'],"['tcrdist', 'tcrdist3']",True,500,5,0,500,True,KMEANS,24,100.0,True,,VDJdb,beta,2500,random,0.0014691352844238281,5
2,4.0,IVTDFSVIK,IVTDFSVIK,0.214,0.214,500,0,20230718_111828,tcrdist_rerun,1,['beta'],"['tcrdist', 'tcrdist3']",True,500,5,0,500,True,KMEANS,24,100.0,True,,VDJdb,beta,2500,random,0.0014691352844238281,5
3,2.0,IVTDFSVIK,IVTDFSVIK,0.246,0.246,500,0,20230718_111828,tcrdist_rerun,1,['beta'],"['tcrdist', 'tcrdist3']",True,500,5,0,500,True,KMEANS,24,100.0,True,,VDJdb,beta,2500,random,0.0014691352844238281,5
4,3.0,GILGFVFTL,GILGFVFTL,0.236,0.236,500,0,20230718_111828,tcrdist_rerun,1,['beta'],"['tcrdist', 'tcrdist3']",True,500,5,0,500,True,KMEANS,24,100.0,True,,VDJdb,beta,2500,random,0.0014691352844238281,5
0,90.0,KLGGALQAK,KLGGALQAK,0.23,0.23,2100,14,20230718_111828,tcrdist_rerun,1,['beta'],"['tcrdist', 'tcrdist3']",True,500,5,0,500,True,KMEANS,24,100.0,True,,VDJdb,beta,2500,tcrdist,"[0.245347261428833, 1.7537367343902588]",26
1,44.0,GILGFVFTL,GILGFVFTL,0.9384615384615385,0.9384615384615385,65,14,20230718_111828,tcrdist_rerun,1,['beta'],"['tcrdist', 'tcrdist3']",True,500,5,0,500,True,KMEANS,24,100.0,True,,VDJdb,beta,2500,tcrdist,"[0.245347261428833, 1.7537367343902588]",26
2,89.0,GILGFVFTL,GILGFVFTL,1.0,1.0,32,14,20230718_111828,tcrdist_rerun,1,['beta'],"['tcrdist', 'tcrdist3']",True,500,5,0,500,True,KMEANS,24,100.0,True,,VDJdb,beta,2500,tcrdist,"[0.245347261428833, 1.7537367343902588]",26
3,13.0,GILGFVFTL,GILGFVFTL,0.9285714285714286,0.9285714285714286,28,14,20230718_111828,tcrdist_rerun,1,['beta'],"['tcrdist', 'tcrdist3']",True,500,5,0,500,True,KMEANS,24,100.0,True,,VDJdb,beta,2500,tcrdist,"[0.245347261428833, 1.7537367343902588]",26
4,22.0,GILGFVFTL,GILGFVFTL,1.0,1.0,27,14,20230718_111828,tcrdist_rerun,1,['beta'],"['tcrdist', 'tcrdist3']",True,500,5,0,500,True,KMEANS,24,100.0,True,,VDJdb,beta,2500,tcrdist,"[0.245347261428833, 1.7537367343902588]",26
5,3.0,GILGFVFTL,GILGFVFTL,1.0,1.0,20,14,20230718_111828,tcrdist_rerun,1,['beta'],"['tcrdist', 'tcrdist3']",True,500,5,0,500,True,KMEANS,24,100.0,True,,VDJdb,beta,2500,tcrdist,"[0.245347261428833, 1.7537367343902588]",26
6,27.0,GILGFVFTL,GILGFVFTL,0.9444444444444444,0.9444444444444444,18,14,20230718_111828,tcrdist_rerun,1,['beta'],"['tcrdist', 'tcrdist3']",True,500,5,0,500,True,KMEANS,24,100.0,True,,VDJdb,beta,2500,tcrdist,"[0.245347261428833, 1.7537367343902588]",26
7,93.0,GILGFVFTL,GILGFVFTL,0.8888888888888888,0.8888888888888888,18,14,20230718_111828,tcrdist_rerun,1,['beta'],"['tcrdist', 'tcrdist3']",True,500,5,0,500,True,KMEANS,24,100.0,True,,VDJdb,beta,2500,tcrdist,"[0.245347261428833, 1.7537367343902588]",26
8,46.0,GILGFVFTL,GILGFVFTL,1.0,1.0,16,14,20230718_111828,tcrdist_rerun,1,['beta'],"['tcrdist', 'tcrdist3']",True,500,5,0,500,True,KMEANS,24,100.0,True,,VDJdb,beta,2500,tcrdist,"[0.245347261428833, 1.7537367343902588]",26
9,15.0,GILGFVFTL,GILGFVFTL,1.0,1.0,15,14,20230718_111828,tcrdist_rerun,1,['beta'],"['tcrdist', 'tcrdist3']",True,500,5,0,500,True,KMEANS,24,100.0,True,,VDJdb,beta,2500,tcrdist,"[0.245347261428833, 1.7537367343902588]",26
10,78.0,GILGFVFTL,GILGFVFTL,1.0,1.0,14,14,20230718_111828,tcrdist_rerun,1,['beta'],"['tcrdist', 'tcrdist3']",True,500,5,0,500,True,KMEANS,24,100.0,True,,VDJdb,beta,2500,tcrdist,"[0.245347261428833, 1.7537367343902588]",26
11,32.0,RAKFKQLL,RAKFKQLL,0.9090909090909091,0.9090909090909091,11,14,20230718_111828,tcrdist_rerun,1,['beta'],"['tcrdist', 'tcrdist3']",True,500,5,0,500,True,KMEANS,24,100.0,True,,VDJdb,beta,2500,tcrdist,"[0.245347261428833, 1.7537367343902588]",26
12,2.0,GILGFVFTL,GILGFVFTL,1.0,1.0,10,14,20230718_111828,tcrdist_rerun,1,['beta'],"['tcrdist', 'tcrdist3']",True,500,5,0,500,True,KMEANS,24,100.0,True,,VDJdb,beta,2500,tcrdist,"[0.245347261428833, 1.7537367343902588]",26
13,1.0,GILGFVFTL,GILGFVFTL,1.0,1.0,9,14,20230718_111828,tcrdist_rerun,1,['beta'],"['tcrdist', 'tcrdist3']",True,500,5,0,500,True,KMEANS,24,100.0,True,,VDJdb,beta,2500,tcrdist,"[0.245347261428833, 1.7537367343902588]",26
14,59.0,GILGFVFTL,GILGFVFTL,1.0,1.0,8,14,20230718_111828,tcrdist_rerun,1,['beta'],"['tcrdist', 'tcrdist3']",True,500,5,0,500,True,KMEANS,24,100.0,True,,VDJdb,beta,2500,tcrdist,"[0.245347261428833, 1.7537367343902588]",26
15,8.0,GILGFVFTL,GILGFVFTL,1.0,1.0,7,14,20230718_111828,tcrdist_rerun,1,['beta'],"['tcrdist', 'tcrdist3']",True,500,5,0,500,True,KMEANS,24,100.0,True,,VDJdb,beta,2500,tcrdist,"[0.245347261428833, 1.7537367343902588]",26
16,76.0,GILGFVFTL,GILGFVFTL,1.0,1.0,5,14,20230718_111828,tcrdist_rerun,1,['beta'],"['tcrdist', 'tcrdist3']",True,500,5,0,500,True,KMEANS,24,100.0,True,,VDJdb,beta,2500,tcrdist,"[0.245347261428833, 1.7537367343902588]",26
17,18.0,GILGFVFTL,IVTDFSVIK,0.3333333333333333,0.3333333333333333,3,14,20230718_111828,tcrdist_rerun,1,['beta'],"['tcrdist', 'tcrdist3']",True,500,5,0,500,True,KMEANS,24,100.0,True,,VDJdb,beta,2500,tcrdist,"[0.245347261428833, 1.7537367343902588]",26
18,81.0,IVTDFSVIK,IVTDFSVIK,1.0,1.0,3,14,20230718_111828,tcrdist_rerun,1,['beta'],"['tcrdist', 'tcrdist3']",True,500,5,0,500,True,KMEANS,24,100.0,True,,VDJdb,beta,2500,tcrdist,"[0.245347261428833, 1.7537367343902588]",26
19,5.0,GILGFVFTL,GILGFVFTL,1.0,1.0,3,14,20230718_111828,tcrdist_rerun,1,['beta'],"['tcrdist', 'tcrdist3']",True,500,5,0,500,True,KMEANS,24,100.0,True,,VDJdb,beta,2500,tcrdist,"[0.245347261428833, 1.7537367343902588]",26
20,88.0,GILGFVFTL,GILGFVFTL,1.0,1.0,3,14,20230718_111828,tcrdist_rerun,1,['beta'],"['tcrdist', 'tcrdist3']",True,500,5,0,500,True,KMEANS,24,100.0,True,,VDJdb,beta,2500,tcrdist,"[0.245347261428833, 1.7537367343902588]",26
21,10.0,GILGFVFTL,GILGFVFTL,1.0,1.0,3,14,20230718_111828,tcrdist_rerun,1,['beta'],"['tcrdist', 'tcrdist3']",True,500,5,0,500,True,KMEANS,24,100.0,True,,VDJdb,beta,2500,tcrdist,"[0.245347261428833, 1.7537367343902588]",26
22,84.0,GILGFVFTL,KLGGALQAK,0.5,0.5,2,14,20230718_111828,tcrdist_rerun,1,['beta'],"['tcrdist', 'tcrdist3']",True,500,5,0,500,True,KMEANS,24,100.0,True,,VDJdb,beta,2500,tcrdist,"[0.245347261428833, 1.7537367343902588]",26
23,11.0,AVFDRKSDAK,AVFDRKSDAK,0.5,0.5,2,14,20230718_111828,tcrdist_rerun,1,['beta'],"['tcrdist', 'tcrdist3']",True,500,5,0,500,True,KMEANS,24,100.0,True,,VDJdb,beta,2500,tcrdist,"[0.245347261428833, 1.7537367343902588]",26
24,35.0,AVFDRKSDAK,AVFDRKSDAK,0.5,0.5,2,14,20230718_111828,tcrdist_rerun,1,['beta'],"['tcrdist', 'tcrdist3']",True,500,5,0,500,True,KMEANS,24,100.0,True,,VDJdb,beta,2500,tcrdist,"[0.245347261428833, 1.7537367343902588]",26
25,24.0,RAKFKQLL,RAKFKQLL,1.0,1.0,2,14,20230718_111828,tcrdist_rerun,1,['beta'],"['tcrdist', 'tcrdist3']",True,500,5,0,500,True,KMEANS,24,100.0,True,,VDJdb,beta,2500,tcrdist,"[0.245347261428833, 1.7537367343902588]",26
0,3.0,KLGGALQAK,KLGGALQAK,0.218,0.218,500,0,20230718_111828,tcrdist_rerun,1,['beta'],"['tcrdist', 'tcrdist3']",True,500,5,0,500,True,KMEANS,24,100.0,True,,VDJdb,beta,2500,random,0.0014388561248779297,5
1,2.0,AVFDRKSDAK,AVFDRKSDAK,0.24,0.24,500,0,20230718_111828,tcrdist_rerun,1,['beta'],"['tcrdist', 'tcrdist3']",True,500,5,0,500,True,KMEANS,24,100.0,True,,VDJdb,beta,2500,random,0.0014388561248779297,5
2,1.0,IVTDFSVIK,IVTDFSVIK,0.236,0.236,500,0,20230718_111828,tcrdist_rerun,1,['beta'],"['tcrdist', 'tcrdist3']",True,500,5,0,500,True,KMEANS,24,100.0,True,,VDJdb,beta,2500,random,0.0014388561248779297,5
3,0.0,AVFDRKSDAK,AVFDRKSDAK,0.216,0.216,500,0,20230718_111828,tcrdist_rerun,1,['beta'],"['tcrdist', 'tcrdist3']",True,500,5,0,500,True,KMEANS,24,100.0,True,,VDJdb,beta,2500,random,0.0014388561248779297,5
4,4.0,KLGGALQAK,KLGGALQAK,0.23,0.23,500,0,20230718_111828,tcrdist_rerun,1,['beta'],"['tcrdist', 'tcrdist3']",True,500,5,0,500,True,KMEANS,24,100.0,True,,VDJdb,beta,2500,random,0.0014388561248779297,5
0,1.0,KLGGALQAK,KLGGALQAK,0.25585106382978723,0.25585106382978723,1880,22,20230718_111828,tcrdist_rerun,1,['beta'],"['tcrdist', 'tcrdist3']",True,500,5,0,500,True,KMEANS,24,100.0,True,,VDJdb,beta,2500,tcrdist3,"[2.1746060848236084, 0.5853250026702881]",38
1,40.0,IVTDFSVIK,IVTDFSVIK,0.9910714285714286,0.9910714285714286,112,22,20230718_111828,tcrdist_rerun,1,['beta'],"['tcrdist', 'tcrdist3']",True,500,5,0,500,True,KMEANS,24,100.0,True,,VDJdb,beta,2500,tcrdist3,"[2.1746060848236084, 0.5853250026702881]",38
2,41.0,GILGFVFTL,GILGFVFTL,0.9322033898305084,0.9322033898305084,59,22,20230718_111828,tcrdist_rerun,1,['beta'],"['tcrdist', 'tcrdist3']",True,500,5,0,500,True,KMEANS,24,100.0,True,,VDJdb,beta,2500,tcrdist3,"[2.1746060848236084, 0.5853250026702881]",38
3,39.0,RAKFKQLL,RAKFKQLL,0.8771929824561403,0.8771929824561403,57,22,20230718_111828,tcrdist_rerun,1,['beta'],"['tcrdist', 'tcrdist3']",True,500,5,0,500,True,KMEANS,24,100.0,True,,VDJdb,beta,2500,tcrdist3,"[2.1746060848236084, 0.5853250026702881]",38
4,88.0,GILGFVFTL,GILGFVFTL,0.9393939393939394,0.9393939393939394,33,22,20230718_111828,tcrdist_rerun,1,['beta'],"['tcrdist', 'tcrdist3']",True,500,5,0,500,True,KMEANS,24,100.0,True,,VDJdb,beta,2500,tcrdist3,"[2.1746060848236084, 0.5853250026702881]",38
5,38.0,GILGFVFTL,GILGFVFTL,1.0,1.0,23,22,20230718_111828,tcrdist_rerun,1,['beta'],"['tcrdist', 'tcrdist3']",True,500,5,0,500,True,KMEANS,24,100.0,True,,VDJdb,beta,2500,tcrdist3,"[2.1746060848236084, 0.5853250026702881]",38
6,57.0,IVTDFSVIK,IVTDFSVIK,0.9565217391304348,0.9565217391304348,23,22,20230718_111828,tcrdist_rerun,1,['beta'],"['tcrdist', 'tcrdist3']",True,500,5,0,500,True,KMEANS,24,100.0,True,,VDJdb,beta,2500,tcrdist3,"[2.1746060848236084, 0.5853250026702881]",38
7,4.0,GILGFVFTL,GILGFVFTL,1.0,1.0,22,22,20230718_111828,tcrdist_rerun,1,['beta'],"['tcrdist', 'tcrdist3']",True,500,5,0,500,True,KMEANS,24,100.0,True,,VDJdb,beta,2500,tcrdist3,"[2.1746060848236084, 0.5853250026702881]",38
8,75.0,GILGFVFTL,GILGFVFTL,1.0,1.0,21,22,20230718_111828,tcrdist_rerun,1,['beta'],"['tcrdist', 'tcrdist3']",True,500,5,0,500,True,KMEANS,24,100.0,True,,VDJdb,beta,2500,tcrdist3,"[2.1746060848236084, 0.5853250026702881]",38
9,47.0,GILGFVFTL,GILGFVFTL,1.0,1.0,19,22,20230718_111828,tcrdist_rerun,1,['beta'],"['tcrdist', 'tcrdist3']",True,500,5,0,500,True,KMEANS,24,100.0,True,,VDJdb,beta,2500,tcrdist3,"[2.1746060848236084, 0.5853250026702881]",38
10,61.0,GILGFVFTL,GILGFVFTL,0.9473684210526315,0.9473684210526315,19,22,20230718_111828,tcrdist_rerun,1,['beta'],"['tcrdist', 'tcrdist3']",True,500,5,0,500,True,KMEANS,24,100.0,True,,VDJdb,beta,2500,tcrdist3,"[2.1746060848236084, 0.5853250026702881]",38
11,67.0,GILGFVFTL,GILGFVFTL,0.8888888888888888,0.8888888888888888,18,22,20230718_111828,tcrdist_rerun,1,['beta'],"['tcrdist', 'tcrdist3']",True,500,5,0,500,True,KMEANS,24,100.0,True,,VDJdb,beta,2500,tcrdist3,"[2.1746060848236084, 0.5853250026702881]",38
12,27.0,GILGFVFTL,GILGFVFTL,1.0,1.0,17,22,20230718_111828,tcrdist_rerun,1,['beta'],"['tcrdist', 'tcrdist3']",True,500,5,0,500,True,KMEANS,24,100.0,True,,VDJdb,beta,2500,tcrdist3,"[2.1746060848236084, 0.5853250026702881]",38
13,18.0,GILGFVFTL,GILGFVFTL,1.0,1.0,16,22,20230718_111828,tcrdist_rerun,1,['beta'],"['tcrdist', 'tcrdist3']",True,500,5,0,500,True,KMEANS,24,100.0,True,,VDJdb,beta,2500,tcrdist3,"[2.1746060848236084, 0.5853250026702881]",38
14,70.0,RAKFKQLL,RAKFKQLL,0.9166666666666666,0.9166666666666666,12,22,20230718_111828,tcrdist_rerun,1,['beta'],"['tcrdist', 'tcrdist3']",True,500,5,0,500,True,KMEANS,24,100.0,True,,VDJdb,beta,2500,tcrdist3,"[2.1746060848236084, 0.5853250026702881]",38
15,0.0,RAKFKQLL,RAKFKQLL,0.9166666666666666,0.9166666666666666,12,22,20230718_111828,tcrdist_rerun,1,['beta'],"['tcrdist', 'tcrdist3']",True,500,5,0,500,True,KMEANS,24,100.0,True,,VDJdb,beta,2500,tcrdist3,"[2.1746060848236084, 0.5853250026702881]",38
16,80.0,GILGFVFTL,GILGFVFTL,1.0,1.0,10,22,20230718_111828,tcrdist_rerun,1,['beta'],"['tcrdist', 'tcrdist3']",True,500,5,0,500,True,KMEANS,24,100.0,True,,VDJdb,beta,2500,tcrdist3,"[2.1746060848236084, 0.5853250026702881]",38
17,48.0,GILGFVFTL,GILGFVFTL,1.0,1.0,8,22,20230718_111828,tcrdist_rerun,1,['beta'],"['tcrdist', 'tcrdist3']",True,500,5,0,500,True,KMEANS,24,100.0,True,,VDJdb,beta,2500,tcrdist3,"[2.1746060848236084, 0.5853250026702881]",38
18,33.0,RAKFKQLL,RAKFKQLL,1.0,1.0,7,22,20230718_111828,tcrdist_rerun,1,['beta'],"['tcrdist', 'tcrdist3']",True,500,5,0,500,True,KMEANS,24,100.0,True,,VDJdb,beta,2500,tcrdist3,"[2.1746060848236084, 0.5853250026702881]",38
19,44.0,RAKFKQLL,RAKFKQLL,0.8571428571428571,0.8571428571428571,7,22,20230718_111828,tcrdist_rerun,1,['beta'],"['tcrdist', 'tcrdist3']",True,500,5,0,500,True,KMEANS,24,100.0,True,,VDJdb,beta,2500,tcrdist3,"[2.1746060848236084, 0.5853250026702881]",38
20,77.0,GILGFVFTL,GILGFVFTL,1.0,1.0,7,22,20230718_111828,tcrdist_rerun,1,['beta'],"['tcrdist', 'tcrdist3']",True,500,5,0,500,True,KMEANS,24,100.0,True,,VDJdb,beta,2500,tcrdist3,"[2.1746060848236084, 0.5853250026702881]",38
21,68.0,RAKFKQLL,RAKFKQLL,1.0,1.0,5,22,20230718_111828,tcrdist_rerun,1,['beta'],"['tcrdist', 'tcrdist3']",True,500,5,0,500,True,KMEANS,24,100.0,True,,VDJdb,beta,2500,tcrdist3,"[2.1746060848236084, 0.5853250026702881]",38
22,22.0,RAKFKQLL,RAKFKQLL,0.8,0.8,5,22,20230718_111828,tcrdist_rerun,1,['beta'],"['tcrdist', 'tcrdist3']",True,500,5,0,500,True,KMEANS,24,100.0,True,,VDJdb,beta,2500,tcrdist3,"[2.1746060848236084, 0.5853250026702881]",38
23,78.0,IVTDFSVIK,IVTDFSVIK,0.4,0.4,5,22,20230718_111828,tcrdist_rerun,1,['beta'],"['tcrdist', 'tcrdist3']",True,500,5,0,500,True,KMEANS,24,100.0,True,,VDJdb,beta,2500,tcrdist3,"[2.1746060848236084, 0.5853250026702881]",38
24,60.0,AVFDRKSDAK,AVFDRKSDAK,1.0,1.0,4,22,20230718_111828,tcrdist_rerun,1,['beta'],"['tcrdist', 'tcrdist3']",True,500,5,0,500,True,KMEANS,24,100.0,True,,VDJdb,beta,2500,tcrdist3,"[2.1746060848236084, 0.5853250026702881]",38
25,13.0,AVFDRKSDAK,AVFDRKSDAK,0.75,0.75,4,22,20230718_111828,tcrdist_rerun,1,['beta'],"['tcrdist', 'tcrdist3']",True,500,5,0,500,True,KMEANS,24,100.0,True,,VDJdb,beta,2500,tcrdist3,"[2.1746060848236084, 0.5853250026702881]",38
26,49.0,GILGFVFTL,GILGFVFTL,1.0,1.0,4,22,20230718_111828,tcrdist_rerun,1,['beta'],"['tcrdist', 'tcrdist3']",True,500,5,0,500,True,KMEANS,24,100.0,True,,VDJdb,beta,2500,tcrdist3,"[2.1746060848236084, 0.5853250026702881]",38
27,87.0,GILGFVFTL,GILGFVFTL,0.75,0.75,4,22,20230718_111828,tcrdist_rerun,1,['beta'],"['tcrdist', 'tcrdist3']",True,500,5,0,500,True,KMEANS,24,100.0,True,,VDJdb,beta,2500,tcrdist3,"[2.1746060848236084, 0.5853250026702881]",38
28,65.0,GILGFVFTL,GILGFVFTL,1.0,1.0,3,22,20230718_111828,tcrdist_rerun,1,['beta'],"['tcrdist', 'tcrdist3']",True,500,5,0,500,True,KMEANS,24,100.0,True,,VDJdb,beta,2500,tcrdist3,"[2.1746060848236084, 0.5853250026702881]",38
29,15.0,IVTDFSVIK,IVTDFSVIK,1.0,1.0,3,22,20230718_111828,tcrdist_rerun,1,['beta'],"['tcrdist', 'tcrdist3']",True,500,5,0,500,True,KMEANS,24,100.0,True,,VDJdb,beta,2500,tcrdist3,"[2.1746060848236084, 0.5853250026702881]",38
30,5.0,RAKFKQLL,RAKFKQLL,1.0,1.0,3,22,20230718_111828,tcrdist_rerun,1,['beta'],"['tcrdist', 'tcrdist3']",True,500,5,0,500,True,KMEANS,24,100.0,True,,VDJdb,beta,2500,tcrdist3,"[2.1746060848236084, 0.5853250026702881]",38
31,86.0,RAKFKQLL,RAKFKQLL,1.0,1.0,3,22,20230718_111828,tcrdist_rerun,1,['beta'],"['tcrdist', 'tcrdist3']",True,500,5,0,500,True,KMEANS,24,100.0,True,,VDJdb,beta,2500,tcrdist3,"[2.1746060848236084, 0.5853250026702881]",38
32,93.0,RAKFKQLL,RAKFKQLL,1.0,1.0,3,22,20230718_111828,tcrdist_rerun,1,['beta'],"['tcrdist', 'tcrdist3']",True,500,5,0,500,True,KMEANS,24,100.0,True,,VDJdb,beta,2500,tcrdist3,"[2.1746060848236084, 0.5853250026702881]",38
33,31.0,AVFDRKSDAK,AVFDRKSDAK,1.0,1.0,2,22,20230718_111828,tcrdist_rerun,1,['beta'],"['tcrdist', 'tcrdist3']",True,500,5,0,500,True,KMEANS,24,100.0,True,,VDJdb,beta,2500,tcrdist3,"[2.1746060848236084, 0.5853250026702881]",38
34,94.0,RAKFKQLL,RAKFKQLL,1.0,1.0,2,22,20230718_111828,tcrdist_rerun,1,['beta'],"['tcrdist', 'tcrdist3']",True,500,5,0,500,True,KMEANS,24,100.0,True,,VDJdb,beta,2500,tcrdist3,"[2.1746060848236084, 0.5853250026702881]",38
35,9.0,RAKFKQLL,RAKFKQLL,1.0,1.0,2,22,20230718_111828,tcrdist_rerun,1,['beta'],"['tcrdist', 'tcrdist3']",True,500,5,0,500,True,KMEANS,24,100.0,True,,VDJdb,beta,2500,tcrdist3,"[2.1746060848236084, 0.5853250026702881]",38
36,34.0,GILGFVFTL,GILGFVFTL,0.5,0.5,2,22,20230718_111828,tcrdist_rerun,1,['beta'],"['tcrdist', 'tcrdist3']",True,500,5,0,500,True,KMEANS,24,100.0,True,,VDJdb,beta,2500,tcrdist3,"[2.1746060848236084, 0.5853250026702881]",38
37,7.0,RAKFKQLL,RAKFKQLL,1.0,1.0,2,22,20230718_111828,tcrdist_rerun,1,['beta'],"['tcrdist', 'tcrdist3']",True,500,5,0,500,True,KMEANS,24,100.0,True,,VDJdb,beta,2500,tcrdist3,"[2.1746060848236084, 0.5853250026702881]",38
0,0.0,IVTDFSVIK,IVTDFSVIK,0.228,0.228,500,0,20230718_111828,tcrdist_rerun,1,['beta'],"['tcrdist', 'tcrdist3']",True,500,5,0,500,True,KMEANS,24,100.0,True,,VDJdb,beta,2500,random,0.0014128684997558594,5
1,4.0,AVFDRKSDAK,AVFDRKSDAK,0.22,0.22,500,0,20230718_111828,tcrdist_rerun,1,['beta'],"['tcrdist', 'tcrdist3']",True,500,5,0,500,True,KMEANS,24,100.0,True,,VDJdb,beta,2500,random,0.0014128684997558594,5
2,3.0,IVTDFSVIK,IVTDFSVIK,0.22,0.22,500,0,20230718_111828,tcrdist_rerun,1,['beta'],"['tcrdist', 'tcrdist3']",True,500,5,0,500,True,KMEANS,24,100.0,True,,VDJdb,beta,2500,random,0.0014128684997558594,5
3,1.0,GILGFVFTL,GILGFVFTL,0.218,0.218,500,0,20230718_111828,tcrdist_rerun,1,['beta'],"['tcrdist', 'tcrdist3']",True,500,5,0,500,True,KMEANS,24,100.0,True,,VDJdb,beta,2500,random,0.0014128684997558594,5
4,2.0,RAKFKQLL,RAKFKQLL,0.224,0.224,500,0,20230718_111828,tcrdist_rerun,1,['beta'],"['tcrdist', 'tcrdist3']",True,500,5,0,500,True,KMEANS,24,100.0,True,,VDJdb,beta,2500,random,0.0014128684997558594,5
0,42.0,KLGGALQAK,KLGGALQAK,0.22999520843315766,0.22999520843315766,2087,15,20230718_111828,tcrdist_rerun,1,['beta'],"['tcrdist', 'tcrdist3']",True,500,5,0,500,True,KMEANS,24,100.0,True,,VDJdb,beta,2500,tcrdist,"[0.23221683502197266, 1.5579099655151367]",25
1,74.0,GILGFVFTL,GILGFVFTL,0.9473684210526315,0.9473684210526315,57,15,20230718_111828,tcrdist_rerun,1,['beta'],"['tcrdist', 'tcrdist3']",True,500,5,0,500,True,KMEANS,24,100.0,True,,VDJdb,beta,2500,tcrdist,"[0.23221683502197266, 1.5579099655151367]",25
2,93.0,GILGFVFTL,GILGFVFTL,1.0,1.0,40,15,20230718_111828,tcrdist_rerun,1,['beta'],"['tcrdist', 'tcrdist3']",True,500,5,0,500,True,KMEANS,24,100.0,True,,VDJdb,beta,2500,tcrdist,"[0.23221683502197266, 1.5579099655151367]",25
3,37.0,GILGFVFTL,GILGFVFTL,0.9459459459459459,0.9459459459459459,37,15,20230718_111828,tcrdist_rerun,1,['beta'],"['tcrdist', 'tcrdist3']",True,500,5,0,500,True,KMEANS,24,100.0,True,,VDJdb,beta,2500,tcrdist,"[0.23221683502197266, 1.5579099655151367]",25
4,95.0,GILGFVFTL,GILGFVFTL,0.9714285714285714,0.9714285714285714,35,15,20230718_111828,tcrdist_rerun,1,['beta'],"['tcrdist', 'tcrdist3']",True,500,5,0,500,True,KMEANS,24,100.0,True,,VDJdb,beta,2500,tcrdist,"[0.23221683502197266, 1.5579099655151367]",25
5,99.0,GILGFVFTL,GILGFVFTL,1.0,1.0,34,15,20230718_111828,tcrdist_rerun,1,['beta'],"['tcrdist', 'tcrdist3']",True,500,5,0,500,True,KMEANS,24,100.0,True,,VDJdb,beta,2500,tcrdist,"[0.23221683502197266, 1.5579099655151367]",25
6,53.0,GILGFVFTL,GILGFVFTL,0.96,0.96,25,15,20230718_111828,tcrdist_rerun,1,['beta'],"['tcrdist', 'tcrdist3']",True,500,5,0,500,True,KMEANS,24,100.0,True,,VDJdb,beta,2500,tcrdist,"[0.23221683502197266, 1.5579099655151367]",25
7,1.0,GILGFVFTL,GILGFVFTL,1.0,1.0,20,15,20230718_111828,tcrdist_rerun,1,['beta'],"['tcrdist', 'tcrdist3']",True,500,5,0,500,True,KMEANS,24,100.0,True,,VDJdb,beta,2500,tcrdist,"[0.23221683502197266, 1.5579099655151367]",25
8,43.0,GILGFVFTL,GILGFVFTL,0.9230769230769231,0.9230769230769231,13,15,20230718_111828,tcrdist_rerun,1,['beta'],"['tcrdist', 'tcrdist3']",True,500,5,0,500,True,KMEANS,24,100.0,True,,VDJdb,beta,2500,tcrdist,"[0.23221683502197266, 1.5579099655151367]",25
9,96.0,GILGFVFTL,GILGFVFTL,1.0,1.0,12,15,20230718_111828,tcrdist_rerun,1,['beta'],"['tcrdist', 'tcrdist3']",True,500,5,0,500,True,KMEANS,24,100.0,True,,VDJdb,beta,2500,tcrdist,"[0.23221683502197266, 1.5579099655151367]",25
10,30.0,GILGFVFTL,GILGFVFTL,1.0,1.0,9,15,20230718_111828,tcrdist_rerun,1,['beta'],"['tcrdist', 'tcrdist3']",True,500,5,0,500,True,KMEANS,24,100.0,True,,VDJdb,beta,2500,tcrdist,"[0.23221683502197266, 1.5579099655151367]",25
11,71.0,GILGFVFTL,GILGFVFTL,0.875,0.875,8,15,20230718_111828,tcrdist_rerun,1,['beta'],"['tcrdist', 'tcrdist3']",True,500,5,0,500,True,KMEANS,24,100.0,True,,VDJdb,beta,2500,tcrdist,"[0.23221683502197266, 1.5579099655151367]",25
12,4.0,GILGFVFTL,GILGFVFTL,1.0,1.0,8,15,20230718_111828,tcrdist_rerun,1,['beta'],"['tcrdist', 'tcrdist3']",True,500,5,0,500,True,KMEANS,24,100.0,True,,VDJdb,beta,2500,tcrdist,"[0.23221683502197266, 1.5579099655151367]",25
13,80.0,GILGFVFTL,GILGFVFTL,1.0,1.0,7,15,20230718_111828,tcrdist_rerun,1,['beta'],"['tcrdist', 'tcrdist3']",True,500,5,0,500,True,KMEANS,24,100.0,True,,VDJdb,beta,2500,tcrdist,"[0.23221683502197266, 1.5579099655151367]",25
14,14.0,AVFDRKSDAK,AVFDRKSDAK,0.8333333333333334,0.8333333333333334,6,15,20230718_111828,tcrdist_rerun,1,['beta'],"['tcrdist', 'tcrdist3']",True,500,5,0,500,True,KMEANS,24,100.0,True,,VDJdb,beta,2500,tcrdist,"[0.23221683502197266, 1.5579099655151367]",25
15,82.0,RAKFKQLL,RAKFKQLL,1.0,1.0,5,15,20230718_111828,tcrdist_rerun,1,['beta'],"['tcrdist', 'tcrdist3']",True,500,5,0,500,True,KMEANS,24,100.0,True,,VDJdb,beta,2500,tcrdist,"[0.23221683502197266, 1.5579099655151367]",25
16,38.0,IVTDFSVIK,IVTDFSVIK,0.5,0.5,4,15,20230718_111828,tcrdist_rerun,1,['beta'],"['tcrdist', 'tcrdist3']",True,500,5,0,500,True,KMEANS,24,100.0,True,,VDJdb,beta,2500,tcrdist,"[0.23221683502197266, 1.5579099655151367]",25
17,16.0,GILGFVFTL,GILGFVFTL,1.0,1.0,3,15,20230718_111828,tcrdist_rerun,1,['beta'],"['tcrdist', 'tcrdist3']",True,500,5,0,500,True,KMEANS,24,100.0,True,,VDJdb,beta,2500,tcrdist,"[0.23221683502197266, 1.5579099655151367]",25
18,35.0,RAKFKQLL,RAKFKQLL,0.6666666666666666,0.6666666666666666,3,15,20230718_111828,tcrdist_rerun,1,['beta'],"['tcrdist', 'tcrdist3']",True,500,5,0,500,True,KMEANS,24,100.0,True,,VDJdb,beta,2500,tcrdist,"[0.23221683502197266, 1.5579099655151367]",25
19,28.0,GILGFVFTL,GILGFVFTL,1.0,1.0,2,15,20230718_111828,tcrdist_rerun,1,['beta'],"['tcrdist', 'tcrdist3']",True,500,5,0,500,True,KMEANS,24,100.0,True,,VDJdb,beta,2500,tcrdist,"[0.23221683502197266, 1.5579099655151367]",25
20,51.0,GILGFVFTL,GILGFVFTL,1.0,1.0,2,15,20230718_111828,tcrdist_rerun,1,['beta'],"['tcrdist', 'tcrdist3']",True,500,5,0,500,True,KMEANS,24,100.0,True,,VDJdb,beta,2500,tcrdist,"[0.23221683502197266, 1.5579099655151367]",25
21,91.0,IVTDFSVIK,IVTDFSVIK,0.5,0.5,2,15,20230718_111828,tcrdist_rerun,1,['beta'],"['tcrdist', 'tcrdist3']",True,500,5,0,500,True,KMEANS,24,100.0,True,,VDJdb,beta,2500,tcrdist,"[0.23221683502197266, 1.5579099655151367]",25
22,26.0,IVTDFSVIK,IVTDFSVIK,0.5,0.5,2,15,20230718_111828,tcrdist_rerun,1,['beta'],"['tcrdist', 'tcrdist3']",True,500,5,0,500,True,KMEANS,24,100.0,True,,VDJdb,beta,2500,tcrdist,"[0.23221683502197266, 1.5579099655151367]",25
23,52.0,RAKFKQLL,RAKFKQLL,1.0,1.0,2,15,20230718_111828,tcrdist_rerun,1,['beta'],"['tcrdist', 'tcrdist3']",True,500,5,0,500,True,KMEANS,24,100.0,True,,VDJdb,beta,2500,tcrdist,"[0.23221683502197266, 1.5579099655151367]",25
24,17.0,GILGFVFTL,RAKFKQLL,0.5,0.5,2,15,20230718_111828,tcrdist_rerun,1,['beta'],"['tcrdist', 'tcrdist3']",True,500,5,0,500,True,KMEANS,24,100.0,True,,VDJdb,beta,2500,tcrdist,"[0.23221683502197266, 1.5579099655151367]",25
0,0.0,AVFDRKSDAK,AVFDRKSDAK,0.22,0.22,500,0,20230718_111828,tcrdist_rerun,1,['beta'],"['tcrdist', 'tcrdist3']",True,500,5,0,500,True,KMEANS,24,100.0,True,,VDJdb,beta,2500,random,0.0014119148254394531,5
1,1.0,IVTDFSVIK,IVTDFSVIK,0.21,0.21,500,0,20230718_111828,tcrdist_rerun,1,['beta'],"['tcrdist', 'tcrdist3']",True,500,5,0,500,True,KMEANS,24,100.0,True,,VDJdb,beta,2500,random,0.0014119148254394531,5
2,3.0,IVTDFSVIK,IVTDFSVIK,0.222,0.222,500,0,20230718_111828,tcrdist_rerun,1,['beta'],"['tcrdist', 'tcrdist3']",True,500,5,0,500,True,KMEANS,24,100.0,True,,VDJdb,beta,2500,random,0.0014119148254394531,5
3,2.0,GILGFVFTL,GILGFVFTL,0.212,0.212,500,0,20230718_111828,tcrdist_rerun,1,['beta'],"['tcrdist', 'tcrdist3']",True,500,5,0,500,True,KMEANS,24,100.0,True,,VDJdb,beta,2500,random,0.0014119148254394531,5
4,4.0,IVTDFSVIK,IVTDFSVIK,0.21,0.21,500,0,20230718_111828,tcrdist_rerun,1,['beta'],"['tcrdist', 'tcrdist3']",True,500,5,0,500,True,KMEANS,24,100.0,True,,VDJdb,beta,2500,random,0.0014119148254394531,5
0,0.0,KLGGALQAK,KLGGALQAK,0.24897119341563786,0.24897119341563786,1944,17,20230718_111828,tcrdist_rerun,1,['beta'],"['tcrdist', 'tcrdist3']",True,500,5,0,500,True,KMEANS,24,100.0,True,,VDJdb,beta,2500,tcrdist3,"[2.3756263256073, 0.5008087158203125]",28
1,6.0,IVTDFSVIK,IVTDFSVIK,0.9586776859504132,0.9586776859504132,121,17,20230718_111828,tcrdist_rerun,1,['beta'],"['tcrdist', 'tcrdist3']",True,500,5,0,500,True,KMEANS,24,100.0,True,,VDJdb,beta,2500,tcrdist3,"[2.3756263256073, 0.5008087158203125]",28
2,32.0,GILGFVFTL,GILGFVFTL,0.9508196721311475,0.9508196721311475,61,17,20230718_111828,tcrdist_rerun,1,['beta'],"['tcrdist', 'tcrdist3']",True,500,5,0,500,True,KMEANS,24,100.0,True,,VDJdb,beta,2500,tcrdist3,"[2.3756263256073, 0.5008087158203125]",28
3,9.0,RAKFKQLL,RAKFKQLL,0.9019607843137255,0.9019607843137255,51,17,20230718_111828,tcrdist_rerun,1,['beta'],"['tcrdist', 'tcrdist3']",True,500,5,0,500,True,KMEANS,24,100.0,True,,VDJdb,beta,2500,tcrdist3,"[2.3756263256073, 0.5008087158203125]",28
4,47.0,GILGFVFTL,GILGFVFTL,1.0,1.0,35,17,20230718_111828,tcrdist_rerun,1,['beta'],"['tcrdist', 'tcrdist3']",True,500,5,0,500,True,KMEANS,24,100.0,True,,VDJdb,beta,2500,tcrdist3,"[2.3756263256073, 0.5008087158203125]",28
5,17.0,GILGFVFTL,GILGFVFTL,0.9705882352941176,0.9705882352941176,34,17,20230718_111828,tcrdist_rerun,1,['beta'],"['tcrdist', 'tcrdist3']",True,500,5,0,500,True,KMEANS,24,100.0,True,,VDJdb,beta,2500,tcrdist3,"[2.3756263256073, 0.5008087158203125]",28
6,62.0,GILGFVFTL,GILGFVFTL,0.9310344827586207,0.9310344827586207,29,17,20230718_111828,tcrdist_rerun,1,['beta'],"['tcrdist', 'tcrdist3']",True,500,5,0,500,True,KMEANS,24,100.0,True,,VDJdb,beta,2500,tcrdist3,"[2.3756263256073, 0.5008087158203125]",28
7,7.0,GILGFVFTL,GILGFVFTL,0.9583333333333334,0.9583333333333334,24,17,20230718_111828,tcrdist_rerun,1,['beta'],"['tcrdist', 'tcrdist3']",True,500,5,0,500,True,KMEANS,24,100.0,True,,VDJdb,beta,2500,tcrdist3,"[2.3756263256073, 0.5008087158203125]",28
8,26.0,GILGFVFTL,GILGFVFTL,1.0,1.0,20,17,20230718_111828,tcrdist_rerun,1,['beta'],"['tcrdist', 'tcrdist3']",True,500,5,0,500,True,KMEANS,24,100.0,True,,VDJdb,beta,2500,tcrdist3,"[2.3756263256073, 0.5008087158203125]",28
9,65.0,GILGFVFTL,GILGFVFTL,1.0,1.0,19,17,20230718_111828,tcrdist_rerun,1,['beta'],"['tcrdist', 'tcrdist3']",True,500,5,0,500,True,KMEANS,24,100.0,True,,VDJdb,beta,2500,tcrdist3,"[2.3756263256073, 0.5008087158203125]",28
10,15.0,GILGFVFTL,GILGFVFTL,0.9285714285714286,0.9285714285714286,14,17,20230718_111828,tcrdist_rerun,1,['beta'],"['tcrdist', 'tcrdist3']",True,500,5,0,500,True,KMEANS,24,100.0,True,,VDJdb,beta,2500,tcrdist3,"[2.3756263256073, 0.5008087158203125]",28
11,71.0,RAKFKQLL,RAKFKQLL,1.0,1.0,9,17,20230718_111828,tcrdist_rerun,1,['beta'],"['tcrdist', 'tcrdist3']",True,500,5,0,500,True,KMEANS,24,100.0,True,,VDJdb,beta,2500,tcrdist3,"[2.3756263256073, 0.5008087158203125]",28
12,61.0,GILGFVFTL,GILGFVFTL,1.0,1.0,8,17,20230718_111828,tcrdist_rerun,1,['beta'],"['tcrdist', 'tcrdist3']",True,500,5,0,500,True,KMEANS,24,100.0,True,,VDJdb,beta,2500,tcrdist3,"[2.3756263256073, 0.5008087158203125]",28
13,37.0,RAKFKQLL,RAKFKQLL,0.875,0.875,8,17,20230718_111828,tcrdist_rerun,1,['beta'],"['tcrdist', 'tcrdist3']",True,500,5,0,500,True,KMEANS,24,100.0,True,,VDJdb,beta,2500,tcrdist3,"[2.3756263256073, 0.5008087158203125]",28
14,79.0,GILGFVFTL,GILGFVFTL,1.0,1.0,7,17,20230718_111828,tcrdist_rerun,1,['beta'],"['tcrdist', 'tcrdist3']",True,500,5,0,500,True,KMEANS,24,100.0,True,,VDJdb,beta,2500,tcrdist3,"[2.3756263256073, 0.5008087158203125]",28
15,59.0,GILGFVFTL,GILGFVFTL,1.0,1.0,6,17,20230718_111828,tcrdist_rerun,1,['beta'],"['tcrdist', 'tcrdist3']",True,500,5,0,500,True,KMEANS,24,100.0,True,,VDJdb,beta,2500,tcrdist3,"[2.3756263256073, 0.5008087158203125]",28
16,76.0,RAKFKQLL,RAKFKQLL,1.0,1.0,6,17,20230718_111828,tcrdist_rerun,1,['beta'],"['tcrdist', 'tcrdist3']",True,500,5,0,500,True,KMEANS,24,100.0,True,,VDJdb,beta,2500,tcrdist3,"[2.3756263256073, 0.5008087158203125]",28
17,25.0,RAKFKQLL,RAKFKQLL,1.0,1.0,5,17,20230718_111828,tcrdist_rerun,1,['beta'],"['tcrdist', 'tcrdist3']",True,500,5,0,500,True,KMEANS,24,100.0,True,,VDJdb,beta,2500,tcrdist3,"[2.3756263256073, 0.5008087158203125]",28
18,87.0,GILGFVFTL,GILGFVFTL,1.0,1.0,4,17,20230718_111828,tcrdist_rerun,1,['beta'],"['tcrdist', 'tcrdist3']",True,500,5,0,500,True,KMEANS,24,100.0,True,,VDJdb,beta,2500,tcrdist3,"[2.3756263256073, 0.5008087158203125]",28
19,28.0,GILGFVFTL,GILGFVFTL,1.0,1.0,4,17,20230718_111828,tcrdist_rerun,1,['beta'],"['tcrdist', 'tcrdist3']",True,500,5,0,500,True,KMEANS,24,100.0,True,,VDJdb,beta,2500,tcrdist3,"[2.3756263256073, 0.5008087158203125]",28
20,72.0,GILGFVFTL,GILGFVFTL,1.0,1.0,3,17,20230718_111828,tcrdist_rerun,1,['beta'],"['tcrdist', 'tcrdist3']",True,500,5,0,500,True,KMEANS,24,100.0,True,,VDJdb,beta,2500,tcrdist3,"[2.3756263256073, 0.5008087158203125]",28
21,93.0,GILGFVFTL,GILGFVFTL,1.0,1.0,3,17,20230718_111828,tcrdist_rerun,1,['beta'],"['tcrdist', 'tcrdist3']",True,500,5,0,500,True,KMEANS,24,100.0,True,,VDJdb,beta,2500,tcrdist3,"[2.3756263256073, 0.5008087158203125]",28
22,5.0,RAKFKQLL,RAKFKQLL,1.0,1.0,3,17,20230718_111828,tcrdist_rerun,1,['beta'],"['tcrdist', 'tcrdist3']",True,500,5,0,500,True,KMEANS,24,100.0,True,,VDJdb,beta,2500,tcrdist3,"[2.3756263256073, 0.5008087158203125]",28
23,58.0,GILGFVFTL,GILGFVFTL,1.0,1.0,2,17,20230718_111828,tcrdist_rerun,1,['beta'],"['tcrdist', 'tcrdist3']",True,500,5,0,500,True,KMEANS,24,100.0,True,,VDJdb,beta,2500,tcrdist3,"[2.3756263256073, 0.5008087158203125]",28
24,89.0,GILGFVFTL,GILGFVFTL,1.0,1.0,2,17,20230718_111828,tcrdist_rerun,1,['beta'],"['tcrdist', 'tcrdist3']",True,500,5,0,500,True,KMEANS,24,100.0,True,,VDJdb,beta,2500,tcrdist3,"[2.3756263256073, 0.5008087158203125]",28
25,27.0,GILGFVFTL,GILGFVFTL,1.0,1.0,2,17,20230718_111828,tcrdist_rerun,1,['beta'],"['tcrdist', 'tcrdist3']",True,500,5,0,500,True,KMEANS,24,100.0,True,,VDJdb,beta,2500,tcrdist3,"[2.3756263256073, 0.5008087158203125]",28
26,31.0,AVFDRKSDAK,AVFDRKSDAK,0.5,0.5,2,17,20230718_111828,tcrdist_rerun,1,['beta'],"['tcrdist', 'tcrdist3']",True,500,5,0,500,True,KMEANS,24,100.0,True,,VDJdb,beta,2500,tcrdist3,"[2.3756263256073, 0.5008087158203125]",28
27,52.0,IVTDFSVIK,IVTDFSVIK,0.5,0.5,2,17,20230718_111828,tcrdist_rerun,1,['beta'],"['tcrdist', 'tcrdist3']",True,500,5,0,500,True,KMEANS,24,100.0,True,,VDJdb,beta,2500,tcrdist3,"[2.3756263256073, 0.5008087158203125]",28
0,1.0,GILGFVFTL,GILGFVFTL,0.22,0.22,500,0,20230718_111828,tcrdist_rerun,1,['beta'],"['tcrdist', 'tcrdist3']",True,500,5,0,500,True,KMEANS,24,100.0,True,,VDJdb,beta,2500,random,0.0014340877532958984,5
1,3.0,GILGFVFTL,GILGFVFTL,0.212,0.212,500,0,20230718_111828,tcrdist_rerun,1,['beta'],"['tcrdist', 'tcrdist3']",True,500,5,0,500,True,KMEANS,24,100.0,True,,VDJdb,beta,2500,random,0.0014340877532958984,5
2,2.0,IVTDFSVIK,IVTDFSVIK,0.216,0.216,500,0,20230718_111828,tcrdist_rerun,1,['beta'],"['tcrdist', 'tcrdist3']",True,500,5,0,500,True,KMEANS,24,100.0,True,,VDJdb,beta,2500,random,0.0014340877532958984,5
3,0.0,KLGGALQAK,KLGGALQAK,0.224,0.224,500,0,20230718_111828,tcrdist_rerun,1,['beta'],"['tcrdist', 'tcrdist3']",True,500,5,0,500,True,KMEANS,24,100.0,True,,VDJdb,beta,2500,random,0.0014340877532958984,5
4,4.0,RAKFKQLL,RAKFKQLL,0.206,0.206,500,0,20230718_111828,tcrdist_rerun,1,['beta'],"['tcrdist', 'tcrdist3']",True,500,5,0,500,True,KMEANS,24,100.0,True,,VDJdb,beta,2500,random,0.0014340877532958984,5
0,1.0,KLGGALQAK,KLGGALQAK,0.2306949806949807,0.2306949806949807,2072,17,20230718_111828,tcrdist_rerun,1,['beta'],"['tcrdist', 'tcrdist3']",True,500,5,0,500,True,KMEANS,24,100.0,True,,VDJdb,beta,2500,tcrdist,"[0.22854328155517578, 2.051574230194092]",28
1,84.0,GILGFVFTL,GILGFVFTL,0.9514563106796117,0.9514563106796117,103,17,20230718_111828,tcrdist_rerun,1,['beta'],"['tcrdist', 'tcrdist3']",True,500,5,0,500,True,KMEANS,24,100.0,True,,VDJdb,beta,2500,tcrdist,"[0.22854328155517578, 2.051574230194092]",28
2,19.0,GILGFVFTL,GILGFVFTL,0.9714285714285714,0.9714285714285714,35,17,20230718_111828,tcrdist_rerun,1,['beta'],"['tcrdist', 'tcrdist3']",True,500,5,0,500,True,KMEANS,24,100.0,True,,VDJdb,beta,2500,tcrdist,"[0.22854328155517578, 2.051574230194092]",28
3,71.0,GILGFVFTL,GILGFVFTL,1.0,1.0,32,17,20230718_111828,tcrdist_rerun,1,['beta'],"['tcrdist', 'tcrdist3']",True,500,5,0,500,True,KMEANS,24,100.0,True,,VDJdb,beta,2500,tcrdist,"[0.22854328155517578, 2.051574230194092]",28
4,34.0,GILGFVFTL,GILGFVFTL,1.0,1.0,31,17,20230718_111828,tcrdist_rerun,1,['beta'],"['tcrdist', 'tcrdist3']",True,500,5,0,500,True,KMEANS,24,100.0,True,,VDJdb,beta,2500,tcrdist,"[0.22854328155517578, 2.051574230194092]",28
5,32.0,IVTDFSVIK,IVTDFSVIK,0.9583333333333334,0.9583333333333334,24,17,20230718_111828,tcrdist_rerun,1,['beta'],"['tcrdist', 'tcrdist3']",True,500,5,0,500,True,KMEANS,24,100.0,True,,VDJdb,beta,2500,tcrdist,"[0.22854328155517578, 2.051574230194092]",28
6,8.0,RAKFKQLL,RAKFKQLL,0.75,0.75,16,17,20230718_111828,tcrdist_rerun,1,['beta'],"['tcrdist', 'tcrdist3']",True,500,5,0,500,True,KMEANS,24,100.0,True,,VDJdb,beta,2500,tcrdist,"[0.22854328155517578, 2.051574230194092]",28
7,16.0,GILGFVFTL,GILGFVFTL,1.0,1.0,14,17,20230718_111828,tcrdist_rerun,1,['beta'],"['tcrdist', 'tcrdist3']",True,500,5,0,500,True,KMEANS,24,100.0,True,,VDJdb,beta,2500,tcrdist,"[0.22854328155517578, 2.051574230194092]",28
8,98.0,GILGFVFTL,GILGFVFTL,1.0,1.0,14,17,20230718_111828,tcrdist_rerun,1,['beta'],"['tcrdist', 'tcrdist3']",True,500,5,0,500,True,KMEANS,24,100.0,True,,VDJdb,beta,2500,tcrdist,"[0.22854328155517578, 2.051574230194092]",28
9,91.0,GILGFVFTL,GILGFVFTL,1.0,1.0,12,17,20230718_111828,tcrdist_rerun,1,['beta'],"['tcrdist', 'tcrdist3']",True,500,5,0,500,True,KMEANS,24,100.0,True,,VDJdb,beta,2500,tcrdist,"[0.22854328155517578, 2.051574230194092]",28
10,75.0,GILGFVFTL,GILGFVFTL,1.0,1.0,11,17,20230718_111828,tcrdist_rerun,1,['beta'],"['tcrdist', 'tcrdist3']",True,500,5,0,500,True,KMEANS,24,100.0,True,,VDJdb,beta,2500,tcrdist,"[0.22854328155517578, 2.051574230194092]",28
11,99.0,GILGFVFTL,GILGFVFTL,1.0,1.0,7,17,20230718_111828,tcrdist_rerun,1,['beta'],"['tcrdist', 'tcrdist3']",True,500,5,0,500,True,KMEANS,24,100.0,True,,VDJdb,beta,2500,tcrdist,"[0.22854328155517578, 2.051574230194092]",28
12,43.0,GILGFVFTL,GILGFVFTL,0.5714285714285714,0.5714285714285714,7,17,20230718_111828,tcrdist_rerun,1,['beta'],"['tcrdist', 'tcrdist3']",True,500,5,0,500,True,KMEANS,24,100.0,True,,VDJdb,beta,2500,tcrdist,"[0.22854328155517578, 2.051574230194092]",28
13,78.0,GILGFVFTL,GILGFVFTL,1.0,1.0,7,17,20230718_111828,tcrdist_rerun,1,['beta'],"['tcrdist', 'tcrdist3']",True,500,5,0,500,True,KMEANS,24,100.0,True,,VDJdb,beta,2500,tcrdist,"[0.22854328155517578, 2.051574230194092]",28
14,79.0,GILGFVFTL,GILGFVFTL,1.0,1.0,6,17,20230718_111828,tcrdist_rerun,1,['beta'],"['tcrdist', 'tcrdist3']",True,500,5,0,500,True,KMEANS,24,100.0,True,,VDJdb,beta,2500,tcrdist,"[0.22854328155517578, 2.051574230194092]",28
15,88.0,GILGFVFTL,GILGFVFTL,1.0,1.0,5,17,20230718_111828,tcrdist_rerun,1,['beta'],"['tcrdist', 'tcrdist3']",True,500,5,0,500,True,KMEANS,24,100.0,True,,VDJdb,beta,2500,tcrdist,"[0.22854328155517578, 2.051574230194092]",28
16,12.0,GILGFVFTL,GILGFVFTL,1.0,1.0,5,17,20230718_111828,tcrdist_rerun,1,['beta'],"['tcrdist', 'tcrdist3']",True,500,5,0,500,True,KMEANS,24,100.0,True,,VDJdb,beta,2500,tcrdist,"[0.22854328155517578, 2.051574230194092]",28
17,11.0,GILGFVFTL,GILGFVFTL,0.75,0.75,4,17,20230718_111828,tcrdist_rerun,1,['beta'],"['tcrdist', 'tcrdist3']",True,500,5,0,500,True,KMEANS,24,100.0,True,,VDJdb,beta,2500,tcrdist,"[0.22854328155517578, 2.051574230194092]",28
18,86.0,GILGFVFTL,GILGFVFTL,1.0,1.0,3,17,20230718_111828,tcrdist_rerun,1,['beta'],"['tcrdist', 'tcrdist3']",True,500,5,0,500,True,KMEANS,24,100.0,True,,VDJdb,beta,2500,tcrdist,"[0.22854328155517578, 2.051574230194092]",28
19,77.0,GILGFVFTL,GILGFVFTL,1.0,1.0,3,17,20230718_111828,tcrdist_rerun,1,['beta'],"['tcrdist', 'tcrdist3']",True,500,5,0,500,True,KMEANS,24,100.0,True,,VDJdb,beta,2500,tcrdist,"[0.22854328155517578, 2.051574230194092]",28
20,0.0,GILGFVFTL,GILGFVFTL,1.0,1.0,3,17,20230718_111828,tcrdist_rerun,1,['beta'],"['tcrdist', 'tcrdist3']",True,500,5,0,500,True,KMEANS,24,100.0,True,,VDJdb,beta,2500,tcrdist,"[0.22854328155517578, 2.051574230194092]",28
21,9.0,GILGFVFTL,GILGFVFTL,1.0,1.0,2,17,20230718_111828,tcrdist_rerun,1,['beta'],"['tcrdist', 'tcrdist3']",True,500,5,0,500,True,KMEANS,24,100.0,True,,VDJdb,beta,2500,tcrdist,"[0.22854328155517578, 2.051574230194092]",28
22,55.0,GILGFVFTL,GILGFVFTL,1.0,1.0,2,17,20230718_111828,tcrdist_rerun,1,['beta'],"['tcrdist', 'tcrdist3']",True,500,5,0,500,True,KMEANS,24,100.0,True,,VDJdb,beta,2500,tcrdist,"[0.22854328155517578, 2.051574230194092]",28
23,93.0,GILGFVFTL,KLGGALQAK,0.5,0.5,2,17,20230718_111828,tcrdist_rerun,1,['beta'],"['tcrdist', 'tcrdist3']",True,500,5,0,500,True,KMEANS,24,100.0,True,,VDJdb,beta,2500,tcrdist,"[0.22854328155517578, 2.051574230194092]",28
24,46.0,AVFDRKSDAK,AVFDRKSDAK,0.5,0.5,2,17,20230718_111828,tcrdist_rerun,1,['beta'],"['tcrdist', 'tcrdist3']",True,500,5,0,500,True,KMEANS,24,100.0,True,,VDJdb,beta,2500,tcrdist,"[0.22854328155517578, 2.051574230194092]",28
25,82.0,GILGFVFTL,GILGFVFTL,1.0,1.0,2,17,20230718_111828,tcrdist_rerun,1,['beta'],"['tcrdist', 'tcrdist3']",True,500,5,0,500,True,KMEANS,24,100.0,True,,VDJdb,beta,2500,tcrdist,"[0.22854328155517578, 2.051574230194092]",28
26,89.0,IVTDFSVIK,RAKFKQLL,0.5,0.5,2,17,20230718_111828,tcrdist_rerun,1,['beta'],"['tcrdist', 'tcrdist3']",True,500,5,0,500,True,KMEANS,24,100.0,True,,VDJdb,beta,2500,tcrdist,"[0.22854328155517578, 2.051574230194092]",28
27,25.0,KLGGALQAK,KLGGALQAK,1.0,1.0,2,17,20230718_111828,tcrdist_rerun,1,['beta'],"['tcrdist', 'tcrdist3']",True,500,5,0,500,True,KMEANS,24,100.0,True,,VDJdb,beta,2500,tcrdist,"[0.22854328155517578, 2.051574230194092]",28
0,0.0,AVFDRKSDAK,AVFDRKSDAK,0.218,0.218,500,0,20230718_111828,tcrdist_rerun,1,['beta'],"['tcrdist', 'tcrdist3']",True,500,5,0,500,True,KMEANS,24,100.0,True,,VDJdb,beta,2500,random,0.0016379356384277344,5
1,1.0,RAKFKQLL,RAKFKQLL,0.212,0.212,500,0,20230718_111828,tcrdist_rerun,1,['beta'],"['tcrdist', 'tcrdist3']",True,500,5,0,500,True,KMEANS,24,100.0,True,,VDJdb,beta,2500,random,0.0016379356384277344,5
2,4.0,GILGFVFTL,GILGFVFTL,0.226,0.226,500,0,20230718_111828,tcrdist_rerun,1,['beta'],"['tcrdist', 'tcrdist3']",True,500,5,0,500,True,KMEANS,24,100.0,True,,VDJdb,beta,2500,random,0.0016379356384277344,5
3,2.0,IVTDFSVIK,IVTDFSVIK,0.22,0.22,500,0,20230718_111828,tcrdist_rerun,1,['beta'],"['tcrdist', 'tcrdist3']",True,500,5,0,500,True,KMEANS,24,100.0,True,,VDJdb,beta,2500,random,0.0016379356384277344,5
4,3.0,GILGFVFTL,GILGFVFTL,0.216,0.216,500,0,20230718_111828,tcrdist_rerun,1,['beta'],"['tcrdist', 'tcrdist3']",True,500,5,0,500,True,KMEANS,24,100.0,True,,VDJdb,beta,2500,random,0.0016379356384277344,5
0,1.0,KLGGALQAK,KLGGALQAK,0.25520555258942873,0.25520555258942873,1873,18,20230718_111828,tcrdist_rerun,1,['beta'],"['tcrdist', 'tcrdist3']",True,500,5,0,500,True,KMEANS,24,100.0,True,,VDJdb,beta,2500,tcrdist3,"[2.280733823776245, 0.6590085029602051]",32
1,2.0,IVTDFSVIK,IVTDFSVIK,1.0,1.0,114,18,20230718_111828,tcrdist_rerun,1,['beta'],"['tcrdist', 'tcrdist3']",True,500,5,0,500,True,KMEANS,24,100.0,True,,VDJdb,beta,2500,tcrdist3,"[2.280733823776245, 0.6590085029602051]",32
2,80.0,GILGFVFTL,GILGFVFTL,0.9310344827586207,0.9310344827586207,58,18,20230718_111828,tcrdist_rerun,1,['beta'],"['tcrdist', 'tcrdist3']",True,500,5,0,500,True,KMEANS,24,100.0,True,,VDJdb,beta,2500,tcrdist3,"[2.280733823776245, 0.6590085029602051]",32
3,0.0,RAKFKQLL,RAKFKQLL,0.8846153846153846,0.8846153846153846,52,18,20230718_111828,tcrdist_rerun,1,['beta'],"['tcrdist', 'tcrdist3']",True,500,5,0,500,True,KMEANS,24,100.0,True,,VDJdb,beta,2500,tcrdist3,"[2.280733823776245, 0.6590085029602051]",32
4,28.0,GILGFVFTL,GILGFVFTL,0.9714285714285714,0.9714285714285714,35,18,20230718_111828,tcrdist_rerun,1,['beta'],"['tcrdist', 'tcrdist3']",True,500,5,0,500,True,KMEANS,24,100.0,True,,VDJdb,beta,2500,tcrdist3,"[2.280733823776245, 0.6590085029602051]",32
5,36.0,GILGFVFTL,GILGFVFTL,1.0,1.0,33,18,20230718_111828,tcrdist_rerun,1,['beta'],"['tcrdist', 'tcrdist3']",True,500,5,0,500,True,KMEANS,24,100.0,True,,VDJdb,beta,2500,tcrdist3,"[2.280733823776245, 0.6590085029602051]",32
6,12.0,RAKFKQLL,RAKFKQLL,0.8181818181818182,0.8181818181818182,33,18,20230718_111828,tcrdist_rerun,1,['beta'],"['tcrdist', 'tcrdist3']",True,500,5,0,500,True,KMEANS,24,100.0,True,,VDJdb,beta,2500,tcrdist3,"[2.280733823776245, 0.6590085029602051]",32
7,39.0,GILGFVFTL,GILGFVFTL,1.0,1.0,31,18,20230718_111828,tcrdist_rerun,1,['beta'],"['tcrdist', 'tcrdist3']",True,500,5,0,500,True,KMEANS,24,100.0,True,,VDJdb,beta,2500,tcrdist3,"[2.280733823776245, 0.6590085029602051]",32
8,24.0,IVTDFSVIK,IVTDFSVIK,0.9583333333333334,0.9583333333333334,24,18,20230718_111828,tcrdist_rerun,1,['beta'],"['tcrdist', 'tcrdist3']",True,500,5,0,500,True,KMEANS,24,100.0,True,,VDJdb,beta,2500,tcrdist3,"[2.280733823776245, 0.6590085029602051]",32
9,17.0,GILGFVFTL,GILGFVFTL,1.0,1.0,21,18,20230718_111828,tcrdist_rerun,1,['beta'],"['tcrdist', 'tcrdist3']",True,500,5,0,500,True,KMEANS,24,100.0,True,,VDJdb,beta,2500,tcrdist3,"[2.280733823776245, 0.6590085029602051]",32
10,77.0,GILGFVFTL,GILGFVFTL,1.0,1.0,19,18,20230718_111828,tcrdist_rerun,1,['beta'],"['tcrdist', 'tcrdist3']",True,500,5,0,500,True,KMEANS,24,100.0,True,,VDJdb,beta,2500,tcrdist3,"[2.280733823776245, 0.6590085029602051]",32
11,87.0,GILGFVFTL,GILGFVFTL,0.9444444444444444,0.9444444444444444,18,18,20230718_111828,tcrdist_rerun,1,['beta'],"['tcrdist', 'tcrdist3']",True,500,5,0,500,True,KMEANS,24,100.0,True,,VDJdb,beta,2500,tcrdist3,"[2.280733823776245, 0.6590085029602051]",32
12,29.0,GILGFVFTL,GILGFVFTL,0.9166666666666666,0.9166666666666666,12,18,20230718_111828,tcrdist_rerun,1,['beta'],"['tcrdist', 'tcrdist3']",True,500,5,0,500,True,KMEANS,24,100.0,True,,VDJdb,beta,2500,tcrdist3,"[2.280733823776245, 0.6590085029602051]",32
13,51.0,GILGFVFTL,GILGFVFTL,0.9090909090909091,0.9090909090909091,11,18,20230718_111828,tcrdist_rerun,1,['beta'],"['tcrdist', 'tcrdist3']",True,500,5,0,500,True,KMEANS,24,100.0,True,,VDJdb,beta,2500,tcrdist3,"[2.280733823776245, 0.6590085029602051]",32
14,54.0,RAKFKQLL,RAKFKQLL,0.9,0.9,10,18,20230718_111828,tcrdist_rerun,1,['beta'],"['tcrdist', 'tcrdist3']",True,500,5,0,500,True,KMEANS,24,100.0,True,,VDJdb,beta,2500,tcrdist3,"[2.280733823776245, 0.6590085029602051]",32
15,4.0,GILGFVFTL,GILGFVFTL,1.0,1.0,10,18,20230718_111828,tcrdist_rerun,1,['beta'],"['tcrdist', 'tcrdist3']",True,500,5,0,500,True,KMEANS,24,100.0,True,,VDJdb,beta,2500,tcrdist3,"[2.280733823776245, 0.6590085029602051]",32
16,25.0,GILGFVFTL,GILGFVFTL,1.0,1.0,9,18,20230718_111828,tcrdist_rerun,1,['beta'],"['tcrdist', 'tcrdist3']",True,500,5,0,500,True,KMEANS,24,100.0,True,,VDJdb,beta,2500,tcrdist3,"[2.280733823776245, 0.6590085029602051]",32
17,47.0,GILGFVFTL,GILGFVFTL,1.0,1.0,9,18,20230718_111828,tcrdist_rerun,1,['beta'],"['tcrdist', 'tcrdist3']",True,500,5,0,500,True,KMEANS,24,100.0,True,,VDJdb,beta,2500,tcrdist3,"[2.280733823776245, 0.6590085029602051]",32
18,7.0,GILGFVFTL,GILGFVFTL,1.0,1.0,8,18,20230718_111828,tcrdist_rerun,1,['beta'],"['tcrdist', 'tcrdist3']",True,500,5,0,500,True,KMEANS,24,100.0,True,,VDJdb,beta,2500,tcrdist3,"[2.280733823776245, 0.6590085029602051]",32
19,30.0,RAKFKQLL,RAKFKQLL,1.0,1.0,8,18,20230718_111828,tcrdist_rerun,1,['beta'],"['tcrdist', 'tcrdist3']",True,500,5,0,500,True,KMEANS,24,100.0,True,,VDJdb,beta,2500,tcrdist3,"[2.280733823776245, 0.6590085029602051]",32
20,66.0,RAKFKQLL,RAKFKQLL,1.0,1.0,6,18,20230718_111828,tcrdist_rerun,1,['beta'],"['tcrdist', 'tcrdist3']",True,500,5,0,500,True,KMEANS,24,100.0,True,,VDJdb,beta,2500,tcrdist3,"[2.280733823776245, 0.6590085029602051]",32
21,5.0,AVFDRKSDAK,AVFDRKSDAK,0.5,0.5,6,18,20230718_111828,tcrdist_rerun,1,['beta'],"['tcrdist', 'tcrdist3']",True,500,5,0,500,True,KMEANS,24,100.0,True,,VDJdb,beta,2500,tcrdist3,"[2.280733823776245, 0.6590085029602051]",32
22,84.0,GILGFVFTL,GILGFVFTL,1.0,1.0,6,18,20230718_111828,tcrdist_rerun,1,['beta'],"['tcrdist', 'tcrdist3']",True,500,5,0,500,True,KMEANS,24,100.0,True,,VDJdb,beta,2500,tcrdist3,"[2.280733823776245, 0.6590085029602051]",32
23,34.0,GILGFVFTL,KLGGALQAK,0.25,0.25,4,18,20230718_111828,tcrdist_rerun,1,['beta'],"['tcrdist', 'tcrdist3']",True,500,5,0,500,True,KMEANS,24,100.0,True,,VDJdb,beta,2500,tcrdist3,"[2.280733823776245, 0.6590085029602051]",32
24,94.0,IVTDFSVIK,IVTDFSVIK,1.0,1.0,4,18,20230718_111828,tcrdist_rerun,1,['beta'],"['tcrdist', 'tcrdist3']",True,500,5,0,500,True,KMEANS,24,100.0,True,,VDJdb,beta,2500,tcrdist3,"[2.280733823776245, 0.6590085029602051]",32
25,95.0,RAKFKQLL,RAKFKQLL,1.0,1.0,4,18,20230718_111828,tcrdist_rerun,1,['beta'],"['tcrdist', 'tcrdist3']",True,500,5,0,500,True,KMEANS,24,100.0,True,,VDJdb,beta,2500,tcrdist3,"[2.280733823776245, 0.6590085029602051]",32
26,15.0,GILGFVFTL,GILGFVFTL,1.0,1.0,3,18,20230718_111828,tcrdist_rerun,1,['beta'],"['tcrdist', 'tcrdist3']",True,500,5,0,500,True,KMEANS,24,100.0,True,,VDJdb,beta,2500,tcrdist3,"[2.280733823776245, 0.6590085029602051]",32
27,71.0,GILGFVFTL,GILGFVFTL,1.0,1.0,3,18,20230718_111828,tcrdist_rerun,1,['beta'],"['tcrdist', 'tcrdist3']",True,500,5,0,500,True,KMEANS,24,100.0,True,,VDJdb,beta,2500,tcrdist3,"[2.280733823776245, 0.6590085029602051]",32
28,52.0,AVFDRKSDAK,AVFDRKSDAK,0.5,0.5,2,18,20230718_111828,tcrdist_rerun,1,['beta'],"['tcrdist', 'tcrdist3']",True,500,5,0,500,True,KMEANS,24,100.0,True,,VDJdb,beta,2500,tcrdist3,"[2.280733823776245, 0.6590085029602051]",32
29,48.0,IVTDFSVIK,IVTDFSVIK,0.5,0.5,2,18,20230718_111828,tcrdist_rerun,1,['beta'],"['tcrdist', 'tcrdist3']",True,500,5,0,500,True,KMEANS,24,100.0,True,,VDJdb,beta,2500,tcrdist3,"[2.280733823776245, 0.6590085029602051]",32
30,38.0,GILGFVFTL,GILGFVFTL,1.0,1.0,2,18,20230718_111828,tcrdist_rerun,1,['beta'],"['tcrdist', 'tcrdist3']",True,500,5,0,500,True,KMEANS,24,100.0,True,,VDJdb,beta,2500,tcrdist3,"[2.280733823776245, 0.6590085029602051]",32
31,10.0,RAKFKQLL,RAKFKQLL,1.0,1.0,2,18,20230718_111828,tcrdist_rerun,1,['beta'],"['tcrdist', 'tcrdist3']",True,500,5,0,500,True,KMEANS,24,100.0,True,,VDJdb,beta,2500,tcrdist3,"[2.280733823776245, 0.6590085029602051]",32
0,2.0,IVTDFSVIK,IVTDFSVIK,0.23,0.23,500,0,20230718_111828,tcrdist_rerun,1,['beta'],"['tcrdist', 'tcrdist3']",True,500,5,0,500,True,KMEANS,24,100.0,True,,VDJdb,beta,2500,random,0.0014400482177734375,5
1,0.0,AVFDRKSDAK,AVFDRKSDAK,0.218,0.218,500,0,20230718_111828,tcrdist_rerun,1,['beta'],"['tcrdist', 'tcrdist3']",True,500,5,0,500,True,KMEANS,24,100.0,True,,VDJdb,beta,2500,random,0.0014400482177734375,5
2,3.0,KLGGALQAK,KLGGALQAK,0.226,0.226,500,0,20230718_111828,tcrdist_rerun,1,['beta'],"['tcrdist', 'tcrdist3']",True,500,5,0,500,True,KMEANS,24,100.0,True,,VDJdb,beta,2500,random,0.0014400482177734375,5
3,1.0,GILGFVFTL,GILGFVFTL,0.218,0.218,500,0,20230718_111828,tcrdist_rerun,1,['beta'],"['tcrdist', 'tcrdist3']",True,500,5,0,500,True,KMEANS,24,100.0,True,,VDJdb,beta,2500,random,0.0014400482177734375,5
4,4.0,IVTDFSVIK,IVTDFSVIK,0.214,0.214,500,0,20230718_111828,tcrdist_rerun,1,['beta'],"['tcrdist', 'tcrdist3']",True,500,5,0,500,True,KMEANS,24,100.0,True,,VDJdb,beta,2500,random,0.0014400482177734375,5
