,epitope,precision,recall,f1-score,support,consistency,retention,purity,Datetime,Input,Experiment,CPUs,Chain_selection,Model_selection,Deduplicate,Downsample,Repeats,N_olga,Min_clustsize,Paired,tcrdist_Method,tcrdist_Radius,tcrdist_Hyper,tcrdist_Subset,Save,Dataset,Chain,N_total,Model,Runtime,N_clusters
0,GILGFVFTL,0.521193092621664,0.664,0.5839929639401935,500.0,0.664,1.0,0.521193092621664,20230725_130916,data/vdjdb.csv,,1,['beta'],"['length', 'clustcr', 'hamming', 'GIANA', 'gliph2', 'ismart', 'tcrdist3']",True,500,1,0,500,True,DBSCAN,50,0.5,True,,VDJdb,beta,2500,length,0.0023031234741210938,13
1,IVTDFSVIK,0.3591331269349845,0.464,0.4048865619546248,500.0,0.444,1.0,0.5074447845148482,20230725_130916,data/vdjdb.csv,,1,['beta'],"['length', 'clustcr', 'hamming', 'GIANA', 'gliph2', 'ismart', 'tcrdist3']",True,500,1,0,500,True,DBSCAN,50,0.5,True,,VDJdb,beta,2500,length,0.0023031234741210938,13
2,KLGGALQAK,0.3009478672985782,0.254,0.27548806941431675,500.0,0.248,1.0,0.4940471719998865,20230725_130916,data/vdjdb.csv,,1,['beta'],"['length', 'clustcr', 'hamming', 'GIANA', 'gliph2', 'ismart', 'tcrdist3']",True,500,1,0,500,True,DBSCAN,50,0.5,True,,VDJdb,beta,2500,length,0.0023031234741210938,13
3,AVFDRKSDAK,0.2709677419354839,0.1686746987951807,0.2079207920792079,498.0,0.23293172690763053,0.996,0.400077521578415,20230725_130916,data/vdjdb.csv,,1,['beta'],"['length', 'clustcr', 'hamming', 'GIANA', 'gliph2', 'ismart', 'tcrdist3']",True,500,1,0,500,True,DBSCAN,50,0.5,True,,VDJdb,beta,2500,length,0.0023031234741210938,13
4,RAKFKQLL,0.29521829521829523,0.285140562248996,0.2900919305413688,498.0,0.26907630522088355,0.996,0.2818920916481892,20230725_130916,data/vdjdb.csv,,1,['beta'],"['length', 'clustcr', 'hamming', 'GIANA', 'gliph2', 'ismart', 'tcrdist3']",True,500,1,0,500,True,DBSCAN,50,0.5,True,,VDJdb,beta,2500,length,0.0023031234741210938,13
0,GILGFVFTL,0.222,0.222,0.222,500.0,0.222,1.0,0.222,20230725_130916,data/vdjdb.csv,,1,['beta'],"['length', 'clustcr', 'hamming', 'GIANA', 'gliph2', 'ismart', 'tcrdist3']",True,500,1,0,500,True,DBSCAN,50,0.5,True,,VDJdb,beta,2500,random,0.0013141632080078125,5
1,AVFDRKSDAK,0.212,0.212,0.212,500.0,0.212,1.0,0.212,20230725_130916,data/vdjdb.csv,,1,['beta'],"['length', 'clustcr', 'hamming', 'GIANA', 'gliph2', 'ismart', 'tcrdist3']",True,500,1,0,500,True,DBSCAN,50,0.5,True,,VDJdb,beta,2500,random,0.0013141632080078125,5
2,IVTDFSVIK,0.223,0.446,0.29733333333333334,500.0,0.238,1.0,0.22299999999999998,20230725_130916,data/vdjdb.csv,,1,['beta'],"['length', 'clustcr', 'hamming', 'GIANA', 'gliph2', 'ismart', 'tcrdist3']",True,500,1,0,500,True,DBSCAN,50,0.5,True,,VDJdb,beta,2500,random,0.0013141632080078125,5
3,KLGGALQAK,0.22,0.22,0.22,500.0,0.22,1.0,0.22,20230725_130916,data/vdjdb.csv,,1,['beta'],"['length', 'clustcr', 'hamming', 'GIANA', 'gliph2', 'ismart', 'tcrdist3']",True,500,1,0,500,True,DBSCAN,50,0.5,True,,VDJdb,beta,2500,random,0.0013141632080078125,5
4,RAKFKQLL,0.0,0.0,0.0,500.0,0.216,1.0,0.0,20230725_130916,data/vdjdb.csv,,1,['beta'],"['length', 'clustcr', 'hamming', 'GIANA', 'gliph2', 'ismart', 'tcrdist3']",True,500,1,0,500,True,DBSCAN,50,0.5,True,,VDJdb,beta,2500,random,0.0013141632080078125,5
0,GILGFVFTL,0.937888198757764,0.9805194805194806,0.9587301587301588,308.0,0.4383116883116883,0.616,0.8126248053635736,20230725_130916,data/vdjdb.csv,,1,['beta'],"['length', 'clustcr', 'hamming', 'GIANA', 'gliph2', 'ismart', 'tcrdist3']",True,500,1,0,500,True,DBSCAN,50,0.5,True,,VDJdb,beta,2500,clustcr,0.26692724227905273,51
1,RAKFKQLL,0.8598130841121495,0.8518518518518519,0.8558139534883722,108.0,0.4722222222222222,0.216,0.866835836114201,20230725_130916,data/vdjdb.csv,,1,['beta'],"['length', 'clustcr', 'hamming', 'GIANA', 'gliph2', 'ismart', 'tcrdist3']",True,500,1,0,500,True,DBSCAN,50,0.5,True,,VDJdb,beta,2500,clustcr,0.26692724227905273,51
2,AVFDRKSDAK,0.5897435897435898,0.7666666666666667,0.6666666666666667,30.0,0.26666666666666666,0.06,0.5462962962962963,20230725_130916,data/vdjdb.csv,,1,['beta'],"['length', 'clustcr', 'hamming', 'GIANA', 'gliph2', 'ismart', 'tcrdist3']",True,500,1,0,500,True,DBSCAN,50,0.5,True,,VDJdb,beta,2500,clustcr,0.26692724227905273,51
3,IVTDFSVIK,0.5294117647058824,0.34615384615384615,0.41860465116279066,26.0,0.15384615384615385,0.052,0.5208333333333333,20230725_130916,data/vdjdb.csv,,1,['beta'],"['length', 'clustcr', 'hamming', 'GIANA', 'gliph2', 'ismart', 'tcrdist3']",True,500,1,0,500,True,DBSCAN,50,0.5,True,,VDJdb,beta,2500,clustcr,0.26692724227905273,51
4,KLGGALQAK,0.5,0.11764705882352941,0.19047619047619047,17.0,0.17647058823529413,0.034,0.5,20230725_130916,data/vdjdb.csv,,1,['beta'],"['length', 'clustcr', 'hamming', 'GIANA', 'gliph2', 'ismart', 'tcrdist3']",True,500,1,0,500,True,DBSCAN,50,0.5,True,,VDJdb,beta,2500,clustcr,0.26692724227905273,51
0,GILGFVFTL,0.213,0.426,0.284,500.0,0.22,1.0,0.213,20230725_130916,data/vdjdb.csv,,1,['beta'],"['length', 'clustcr', 'hamming', 'GIANA', 'gliph2', 'ismart', 'tcrdist3']",True,500,1,0,500,True,DBSCAN,50,0.5,True,,VDJdb,beta,2500,random,0.0013020038604736328,5
1,AVFDRKSDAK,0.0,0.0,0.0,500.0,0.218,1.0,0.0,20230725_130916,data/vdjdb.csv,,1,['beta'],"['length', 'clustcr', 'hamming', 'GIANA', 'gliph2', 'ismart', 'tcrdist3']",True,500,1,0,500,True,DBSCAN,50,0.5,True,,VDJdb,beta,2500,random,0.0013020038604736328,5
2,IVTDFSVIK,0.225,0.45,0.3,500.0,0.228,1.0,0.225,20230725_130916,data/vdjdb.csv,,1,['beta'],"['length', 'clustcr', 'hamming', 'GIANA', 'gliph2', 'ismart', 'tcrdist3']",True,500,1,0,500,True,DBSCAN,50,0.5,True,,VDJdb,beta,2500,random,0.0013020038604736328,5
3,KLGGALQAK,0.222,0.222,0.222,500.0,0.222,1.0,0.222,20230725_130916,data/vdjdb.csv,,1,['beta'],"['length', 'clustcr', 'hamming', 'GIANA', 'gliph2', 'ismart', 'tcrdist3']",True,500,1,0,500,True,DBSCAN,50,0.5,True,,VDJdb,beta,2500,random,0.0013020038604736328,5
4,RAKFKQLL,0.0,0.0,0.0,500.0,0.224,1.0,0.0,20230725_130916,data/vdjdb.csv,,1,['beta'],"['length', 'clustcr', 'hamming', 'GIANA', 'gliph2', 'ismart', 'tcrdist3']",True,500,1,0,500,True,DBSCAN,50,0.5,True,,VDJdb,beta,2500,random,0.0013020038604736328,5
0,GILGFVFTL,0.8719346049046321,0.9411764705882353,0.9052333804809052,340.0,0.21470588235294116,0.68,0.7497888674359263,20230725_130916,data/vdjdb.csv,,1,['beta'],"['length', 'clustcr', 'hamming', 'GIANA', 'gliph2', 'ismart', 'tcrdist3']",True,500,1,0,500,True,DBSCAN,50,0.5,True,,VDJdb,beta,2500,hamming,0.004518032073974609,199
1,RAKFKQLL,0.8646616541353384,0.8098591549295775,0.8363636363636365,284.0,0.1795774647887324,0.568,0.8781385125889436,20230725_130916,data/vdjdb.csv,,1,['beta'],"['length', 'clustcr', 'hamming', 'GIANA', 'gliph2', 'ismart', 'tcrdist3']",True,500,1,0,500,True,DBSCAN,50,0.5,True,,VDJdb,beta,2500,hamming,0.004518032073974609,199
2,IVTDFSVIK,0.8558139534883721,0.8141592920353983,0.8344671201814059,226.0,0.5088495575221239,0.452,0.6370967741935484,20230725_130916,data/vdjdb.csv,,1,['beta'],"['length', 'clustcr', 'hamming', 'GIANA', 'gliph2', 'ismart', 'tcrdist3']",True,500,1,0,500,True,DBSCAN,50,0.5,True,,VDJdb,beta,2500,hamming,0.004518032073974609,199
3,AVFDRKSDAK,0.6142857142857143,0.8037383177570093,0.6963562753036439,107.0,0.06542056074766354,0.214,0.6264047619047619,20230725_130916,data/vdjdb.csv,,1,['beta'],"['length', 'clustcr', 'hamming', 'GIANA', 'gliph2', 'ismart', 'tcrdist3']",True,500,1,0,500,True,DBSCAN,50,0.5,True,,VDJdb,beta,2500,hamming,0.004518032073974609,199
4,KLGGALQAK,0.7555555555555555,0.4473684210526316,0.5619834710743802,76.0,0.039473684210526314,0.152,0.7981481481481482,20230725_130916,data/vdjdb.csv,,1,['beta'],"['length', 'clustcr', 'hamming', 'GIANA', 'gliph2', 'ismart', 'tcrdist3']",True,500,1,0,500,True,DBSCAN,50,0.5,True,,VDJdb,beta,2500,hamming,0.004518032073974609,199
0,GILGFVFTL,0.217,0.434,0.28933333333333333,500.0,0.222,1.0,0.217,20230725_130916,data/vdjdb.csv,,1,['beta'],"['length', 'clustcr', 'hamming', 'GIANA', 'gliph2', 'ismart', 'tcrdist3']",True,500,1,0,500,True,DBSCAN,50,0.5,True,,VDJdb,beta,2500,random,0.0013210773468017578,5
1,AVFDRKSDAK,0.0,0.0,0.0,500.0,0.21,1.0,0.0,20230725_130916,data/vdjdb.csv,,1,['beta'],"['length', 'clustcr', 'hamming', 'GIANA', 'gliph2', 'ismart', 'tcrdist3']",True,500,1,0,500,True,DBSCAN,50,0.5,True,,VDJdb,beta,2500,random,0.0013210773468017578,5
2,IVTDFSVIK,0.222,0.222,0.222,500.0,0.222,1.0,0.222,20230725_130916,data/vdjdb.csv,,1,['beta'],"['length', 'clustcr', 'hamming', 'GIANA', 'gliph2', 'ismart', 'tcrdist3']",True,500,1,0,500,True,DBSCAN,50,0.5,True,,VDJdb,beta,2500,random,0.0013210773468017578,5
3,KLGGALQAK,0.222,0.222,0.222,500.0,0.222,1.0,0.222,20230725_130916,data/vdjdb.csv,,1,['beta'],"['length', 'clustcr', 'hamming', 'GIANA', 'gliph2', 'ismart', 'tcrdist3']",True,500,1,0,500,True,DBSCAN,50,0.5,True,,VDJdb,beta,2500,random,0.0013210773468017578,5
4,RAKFKQLL,0.21,0.21,0.20999999999999996,500.0,0.21,1.0,0.21,20230725_130916,data/vdjdb.csv,,1,['beta'],"['length', 'clustcr', 'hamming', 'GIANA', 'gliph2', 'ismart', 'tcrdist3']",True,500,1,0,500,True,DBSCAN,50,0.5,True,,VDJdb,beta,2500,random,0.0013210773468017578,5
0,RAKFKQLL,0.8947368421052632,0.8869565217391304,0.8908296943231442,230.0,0.2217391304347826,0.46,0.9041257996833637,20230725_130916,data/vdjdb.csv,,1,['beta'],"['length', 'clustcr', 'hamming', 'GIANA', 'gliph2', 'ismart', 'tcrdist3']",True,500,1,0,500,True,DBSCAN,50,0.5,True,,VDJdb,beta,2500,GIANA,0.24493193626403809,81
1,GILGFVFTL,0.9380530973451328,0.933920704845815,0.93598233995585,227.0,0.5198237885462555,0.454,0.8757908496732025,20230725_130916,data/vdjdb.csv,,1,['beta'],"['length', 'clustcr', 'hamming', 'GIANA', 'gliph2', 'ismart', 'tcrdist3']",True,500,1,0,500,True,DBSCAN,50,0.5,True,,VDJdb,beta,2500,GIANA,0.24493193626403809,81
2,IVTDFSVIK,0.9162011173184358,0.8770053475935828,0.8961748633879781,187.0,0.6149732620320856,0.374,0.7388888888888889,20230725_130916,data/vdjdb.csv,,1,['beta'],"['length', 'clustcr', 'hamming', 'GIANA', 'gliph2', 'ismart', 'tcrdist3']",True,500,1,0,500,True,DBSCAN,50,0.5,True,,VDJdb,beta,2500,GIANA,0.24493193626403809,81
3,AVFDRKSDAK,0.5692307692307692,0.8604651162790697,0.6851851851851851,43.0,0.13953488372093023,0.086,0.5799498746867168,20230725_130916,data/vdjdb.csv,,1,['beta'],"['length', 'clustcr', 'hamming', 'GIANA', 'gliph2', 'ismart', 'tcrdist3']",True,500,1,0,500,True,DBSCAN,50,0.5,True,,VDJdb,beta,2500,GIANA,0.24493193626403809,81
4,KLGGALQAK,0.0,0.0,0.0,11.0,0.18181818181818182,0.022,0.0,20230725_130916,data/vdjdb.csv,,1,['beta'],"['length', 'clustcr', 'hamming', 'GIANA', 'gliph2', 'ismart', 'tcrdist3']",True,500,1,0,500,True,DBSCAN,50,0.5,True,,VDJdb,beta,2500,GIANA,0.24493193626403809,81
0,GILGFVFTL,0.216,0.216,0.216,500.0,0.216,1.0,0.216,20230725_130916,data/vdjdb.csv,,1,['beta'],"['length', 'clustcr', 'hamming', 'GIANA', 'gliph2', 'ismart', 'tcrdist3']",True,500,1,0,500,True,DBSCAN,50,0.5,True,,VDJdb,beta,2500,random,0.0013580322265625,5
1,AVFDRKSDAK,0.21,0.42,0.27999999999999997,500.0,0.214,1.0,0.21,20230725_130916,data/vdjdb.csv,,1,['beta'],"['length', 'clustcr', 'hamming', 'GIANA', 'gliph2', 'ismart', 'tcrdist3']",True,500,1,0,500,True,DBSCAN,50,0.5,True,,VDJdb,beta,2500,random,0.0013580322265625,5
2,IVTDFSVIK,0.0,0.0,0.0,500.0,0.206,1.0,0.0,20230725_130916,data/vdjdb.csv,,1,['beta'],"['length', 'clustcr', 'hamming', 'GIANA', 'gliph2', 'ismart', 'tcrdist3']",True,500,1,0,500,True,DBSCAN,50,0.5,True,,VDJdb,beta,2500,random,0.0013580322265625,5
3,KLGGALQAK,0.0,0.0,0.0,500.0,0.206,1.0,0.0,20230725_130916,data/vdjdb.csv,,1,['beta'],"['length', 'clustcr', 'hamming', 'GIANA', 'gliph2', 'ismart', 'tcrdist3']",True,500,1,0,500,True,DBSCAN,50,0.5,True,,VDJdb,beta,2500,random,0.0013580322265625,5
4,RAKFKQLL,0.215,0.43,0.2866666666666666,500.0,0.216,1.0,0.215,20230725_130916,data/vdjdb.csv,,1,['beta'],"['length', 'clustcr', 'hamming', 'GIANA', 'gliph2', 'ismart', 'tcrdist3']",True,500,1,0,500,True,DBSCAN,50,0.5,True,,VDJdb,beta,2500,random,0.0013580322265625,5
0,GILGFVFTL,0.939799331103679,0.9790940766550522,0.9590443686006825,287.0,0.30313588850174217,0.574,0.889975845410628,20230725_130916,data/vdjdb.csv,,1,['beta'],"['length', 'clustcr', 'hamming', 'GIANA', 'gliph2', 'ismart', 'tcrdist3']",True,500,1,0,500,True,DBSCAN,50,0.5,True,,VDJdb,beta,2500,gliph2,15.28895902633667,85
1,RAKFKQLL,0.8636363636363636,0.8189655172413793,0.84070796460177,116.0,0.4396551724137931,0.232,0.8908911135829933,20230725_130916,data/vdjdb.csv,,1,['beta'],"['length', 'clustcr', 'hamming', 'GIANA', 'gliph2', 'ismart', 'tcrdist3']",True,500,1,0,500,True,DBSCAN,50,0.5,True,,VDJdb,beta,2500,gliph2,15.28895902633667,85
2,AVFDRKSDAK,0.64,0.8421052631578947,0.7272727272727272,38.0,0.15789473684210525,0.076,0.6311904761904762,20230725_130916,data/vdjdb.csv,,1,['beta'],"['length', 'clustcr', 'hamming', 'GIANA', 'gliph2', 'ismart', 'tcrdist3']",True,500,1,0,500,True,DBSCAN,50,0.5,True,,VDJdb,beta,2500,gliph2,15.28895902633667,85
3,IVTDFSVIK,0.5,0.36,0.41860465116279066,25.0,0.16,0.05,0.5,20230725_130916,data/vdjdb.csv,,1,['beta'],"['length', 'clustcr', 'hamming', 'GIANA', 'gliph2', 'ismart', 'tcrdist3']",True,500,1,0,500,True,DBSCAN,50,0.5,True,,VDJdb,beta,2500,gliph2,15.28895902633667,85
4,KLGGALQAK,0.5454545454545454,0.2727272727272727,0.3636363636363636,22.0,0.09090909090909091,0.044,0.5333333333333333,20230725_130916,data/vdjdb.csv,,1,['beta'],"['length', 'clustcr', 'hamming', 'GIANA', 'gliph2', 'ismart', 'tcrdist3']",True,500,1,0,500,True,DBSCAN,50,0.5,True,,VDJdb,beta,2500,gliph2,15.28895902633667,85
0,GILGFVFTL,0.236,0.236,0.236,500.0,0.236,1.0,0.236,20230725_130916,data/vdjdb.csv,,1,['beta'],"['length', 'clustcr', 'hamming', 'GIANA', 'gliph2', 'ismart', 'tcrdist3']",True,500,1,0,500,True,DBSCAN,50,0.5,True,,VDJdb,beta,2500,random,0.0013370513916015625,5
1,AVFDRKSDAK,0.222,0.222,0.222,500.0,0.222,1.0,0.222,20230725_130916,data/vdjdb.csv,,1,['beta'],"['length', 'clustcr', 'hamming', 'GIANA', 'gliph2', 'ismart', 'tcrdist3']",True,500,1,0,500,True,DBSCAN,50,0.5,True,,VDJdb,beta,2500,random,0.0013370513916015625,5
2,IVTDFSVIK,0.21466666666666667,0.644,0.322,500.0,0.22,1.0,0.21466666666666667,20230725_130916,data/vdjdb.csv,,1,['beta'],"['length', 'clustcr', 'hamming', 'GIANA', 'gliph2', 'ismart', 'tcrdist3']",True,500,1,0,500,True,DBSCAN,50,0.5,True,,VDJdb,beta,2500,random,0.0013370513916015625,5
3,KLGGALQAK,0.0,0.0,0.0,500.0,0.21,1.0,0.0,20230725_130916,data/vdjdb.csv,,1,['beta'],"['length', 'clustcr', 'hamming', 'GIANA', 'gliph2', 'ismart', 'tcrdist3']",True,500,1,0,500,True,DBSCAN,50,0.5,True,,VDJdb,beta,2500,random,0.0013370513916015625,5
4,RAKFKQLL,0.0,0.0,0.0,500.0,0.214,1.0,0.0,20230725_130916,data/vdjdb.csv,,1,['beta'],"['length', 'clustcr', 'hamming', 'GIANA', 'gliph2', 'ismart', 'tcrdist3']",True,500,1,0,500,True,DBSCAN,50,0.5,True,,VDJdb,beta,2500,random,0.0013370513916015625,5
0,GILGFVFTL,0.9305993690851735,0.9455128205128205,0.9379968203497615,312.0,0.40384615384615385,0.624,0.8358832224685881,20230725_130916,data/vdjdb.csv,,1,['beta'],"['length', 'clustcr', 'hamming', 'GIANA', 'gliph2', 'ismart', 'tcrdist3']",True,500,1,0,500,True,DBSCAN,50,0.5,True,,VDJdb,beta,2500,ismart,1.5552566051483154,151
1,RAKFKQLL,0.889763779527559,0.849624060150376,0.8692307692307691,266.0,0.19548872180451127,0.532,0.8998073396036764,20230725_130916,data/vdjdb.csv,,1,['beta'],"['length', 'clustcr', 'hamming', 'GIANA', 'gliph2', 'ismart', 'tcrdist3']",True,500,1,0,500,True,DBSCAN,50,0.5,True,,VDJdb,beta,2500,ismart,1.5552566051483154,151
2,IVTDFSVIK,0.8719211822660099,0.8592233009708737,0.8655256723716381,206.0,0.558252427184466,0.412,0.6512345679012346,20230725_130916,data/vdjdb.csv,,1,['beta'],"['length', 'clustcr', 'hamming', 'GIANA', 'gliph2', 'ismart', 'tcrdist3']",True,500,1,0,500,True,DBSCAN,50,0.5,True,,VDJdb,beta,2500,ismart,1.5552566051483154,151
3,AVFDRKSDAK,0.6,0.8450704225352113,0.7017543859649124,71.0,0.08450704225352113,0.142,0.6144179894179894,20230725_130916,data/vdjdb.csv,,1,['beta'],"['length', 'clustcr', 'hamming', 'GIANA', 'gliph2', 'ismart', 'tcrdist3']",True,500,1,0,500,True,DBSCAN,50,0.5,True,,VDJdb,beta,2500,ismart,1.5552566051483154,151
4,KLGGALQAK,0.7272727272727273,0.3902439024390244,0.5079365079365079,41.0,0.07317073170731707,0.082,0.775,20230725_130916,data/vdjdb.csv,,1,['beta'],"['length', 'clustcr', 'hamming', 'GIANA', 'gliph2', 'ismart', 'tcrdist3']",True,500,1,0,500,True,DBSCAN,50,0.5,True,,VDJdb,beta,2500,ismart,1.5552566051483154,151
0,GILGFVFTL,0.22,0.22,0.22,500.0,0.22,1.0,0.22,20230725_130916,data/vdjdb.csv,,1,['beta'],"['length', 'clustcr', 'hamming', 'GIANA', 'gliph2', 'ismart', 'tcrdist3']",True,500,1,0,500,True,DBSCAN,50,0.5,True,,VDJdb,beta,2500,random,0.001280069351196289,5
1,AVFDRKSDAK,0.22,0.22,0.22,500.0,0.22,1.0,0.22,20230725_130916,data/vdjdb.csv,,1,['beta'],"['length', 'clustcr', 'hamming', 'GIANA', 'gliph2', 'ismart', 'tcrdist3']",True,500,1,0,500,True,DBSCAN,50,0.5,True,,VDJdb,beta,2500,random,0.001280069351196289,5
2,IVTDFSVIK,0.212,0.212,0.212,500.0,0.212,1.0,0.212,20230725_130916,data/vdjdb.csv,,1,['beta'],"['length', 'clustcr', 'hamming', 'GIANA', 'gliph2', 'ismart', 'tcrdist3']",True,500,1,0,500,True,DBSCAN,50,0.5,True,,VDJdb,beta,2500,random,0.001280069351196289,5
3,KLGGALQAK,0.252,0.252,0.252,500.0,0.252,1.0,0.252,20230725_130916,data/vdjdb.csv,,1,['beta'],"['length', 'clustcr', 'hamming', 'GIANA', 'gliph2', 'ismart', 'tcrdist3']",True,500,1,0,500,True,DBSCAN,50,0.5,True,,VDJdb,beta,2500,random,0.001280069351196289,5
4,RAKFKQLL,0.224,0.224,0.22400000000000003,500.0,0.224,1.0,0.224,20230725_130916,data/vdjdb.csv,,1,['beta'],"['length', 'clustcr', 'hamming', 'GIANA', 'gliph2', 'ismart', 'tcrdist3']",True,500,1,0,500,True,DBSCAN,50,0.5,True,,VDJdb,beta,2500,random,0.001280069351196289,5
0,RAKFKQLL,0.889344262295082,0.8611111111111112,0.8750000000000001,252.0,0.1984126984126984,0.504,0.8995391067759488,20230725_130916,data/vdjdb.csv,,1,['beta'],"['length', 'clustcr', 'hamming', 'GIANA', 'gliph2', 'ismart', 'tcrdist3']",True,500,1,0,500,True,DBSCAN,50,0.5,True,,VDJdb,beta,2500,tcrdist3,"[3.5038399696350098, 0.1186378002166748]",145
1,GILGFVFTL,0.935064935064935,0.935064935064935,0.935064935064935,231.0,0.22510822510822512,0.462,0.9058449825579914,20230725_130916,data/vdjdb.csv,,1,['beta'],"['length', 'clustcr', 'hamming', 'GIANA', 'gliph2', 'ismart', 'tcrdist3']",True,500,1,0,500,True,DBSCAN,50,0.5,True,,VDJdb,beta,2500,tcrdist3,"[3.5038399696350098, 0.1186378002166748]",145
2,IVTDFSVIK,0.8871794871794871,0.8737373737373737,0.8804071246819338,198.0,0.5757575757575758,0.396,0.6704625706214689,20230725_130916,data/vdjdb.csv,,1,['beta'],"['length', 'clustcr', 'hamming', 'GIANA', 'gliph2', 'ismart', 'tcrdist3']",True,500,1,0,500,True,DBSCAN,50,0.5,True,,VDJdb,beta,2500,tcrdist3,"[3.5038399696350098, 0.1186378002166748]",145
3,AVFDRKSDAK,0.5974025974025974,0.8518518518518519,0.7022900763358778,54.0,0.1111111111111111,0.108,0.6114285714285714,20230725_130916,data/vdjdb.csv,,1,['beta'],"['length', 'clustcr', 'hamming', 'GIANA', 'gliph2', 'ismart', 'tcrdist3']",True,500,1,0,500,True,DBSCAN,50,0.5,True,,VDJdb,beta,2500,tcrdist3,"[3.5038399696350098, 0.1186378002166748]",145
4,KLGGALQAK,0.75,0.46875,0.5769230769230769,32.0,0.09375,0.064,0.8142857142857143,20230725_130916,data/vdjdb.csv,,1,['beta'],"['length', 'clustcr', 'hamming', 'GIANA', 'gliph2', 'ismart', 'tcrdist3']",True,500,1,0,500,True,DBSCAN,50,0.5,True,,VDJdb,beta,2500,tcrdist3,"[3.5038399696350098, 0.1186378002166748]",145
0,GILGFVFTL,0.218,0.218,0.218,500.0,0.218,1.0,0.218,20230725_130916,data/vdjdb.csv,,1,['beta'],"['length', 'clustcr', 'hamming', 'GIANA', 'gliph2', 'ismart', 'tcrdist3']",True,500,1,0,500,True,DBSCAN,50,0.5,True,,VDJdb,beta,2500,random,0.0026140213012695312,5
1,AVFDRKSDAK,0.0,0.0,0.0,500.0,0.206,1.0,0.0,20230725_130916,data/vdjdb.csv,,1,['beta'],"['length', 'clustcr', 'hamming', 'GIANA', 'gliph2', 'ismart', 'tcrdist3']",True,500,1,0,500,True,DBSCAN,50,0.5,True,,VDJdb,beta,2500,random,0.0026140213012695312,5
2,IVTDFSVIK,0.242,0.242,0.242,500.0,0.242,1.0,0.242,20230725_130916,data/vdjdb.csv,,1,['beta'],"['length', 'clustcr', 'hamming', 'GIANA', 'gliph2', 'ismart', 'tcrdist3']",True,500,1,0,500,True,DBSCAN,50,0.5,True,,VDJdb,beta,2500,random,0.0026140213012695312,5
3,KLGGALQAK,0.216,0.432,0.288,500.0,0.22,1.0,0.216,20230725_130916,data/vdjdb.csv,,1,['beta'],"['length', 'clustcr', 'hamming', 'GIANA', 'gliph2', 'ismart', 'tcrdist3']",True,500,1,0,500,True,DBSCAN,50,0.5,True,,VDJdb,beta,2500,random,0.0026140213012695312,5
4,RAKFKQLL,0.22,0.22,0.22,500.0,0.22,1.0,0.22,20230725_130916,data/vdjdb.csv,,1,['beta'],"['length', 'clustcr', 'hamming', 'GIANA', 'gliph2', 'ismart', 'tcrdist3']",True,500,1,0,500,True,DBSCAN,50,0.5,True,,VDJdb,beta,2500,random,0.0026140213012695312,5
